11.784758570240875,4.104044017890897,5.014896032324019,5.958942969994922,9.349926182363362,12.475280714041975,4.376138452796983,6.827085176652348,6.3686514301627835,2.828769208664742,5.801618258172753,66.59850069370854,6.0464622832328345,7.3949385313345255,22.082063926748344,19.33538861765173,19.036088881608002,21.624028376546224
0.0015235280000000003,0.9383769587356341,0.0,1.889025356677708,0.8954387620389617,0.24502098988078416,1.8678961113873127,0.5842406056282078,1.8759175402378498,25.58619754697807,1.4387213027315644,4.258429804652335,0.2234111752,0.4221798089626904,1.1014824409329034,0.0,3.424871239326981,0.3629987283620606
2.6769943969420176,0.0,3.8046512802165715,0.6960704787578298,1.2229746690932575,0.0,7.676658436440412,2.115986195978537,8.498477346353074,1.821859813683108,2.6111036453221868,1.7589947369976362,3.7360955110278926,0.6798222209982209,28.68936475540986,4.388016796541653,3.469419397626885,6.75543706595548
0.8033135669832163,3.117967999489377,3.1672642024478286,2.728400193633859,2.5554445864176065,0.8372786032891695,1.8012015917826898,0.6769783053944562,0.012007785973183263,1.6104937653125824,1.8267156796948392,21.63374397985697,2.5225834132419473,6.755476508052649,2.433515828202633,5.460031028253871,130.58897012330917,0.09326394457402254
11.036802038878111,15.004828554424378,14.915213455804118,15.914487272987188,10.23708857507153,10.780158598809013,13.806808793936282,6.472669483138893,12.294573746358617,12.115069636109844,25.477497904285876,16.09352424704934,15.309572162753662,15.72739917367298,15.30639074844774,15.155459881497832,16.064672282381785,15.609771324553305
2.576948752249009,0.16535117572929048,1.7576686013100482,4.019422622497175,1.381026319772829,14.956361059173716,5.266726934469739,12.61534837916165,17.158350705128274,2.0994894131820274,16.85317084524746,15.733282472320642,0.0,4.3803700643223245,0.22643637110526835,2.518208047115841,12.193601484801892,49.9545016841659
2.9430094922271426,7.975478328948945,13.867100416949953,11.274536084763126,6.920082656320247,11.873389226521741,6.0361985935822675,8.482277200743786,8.751018221876784,14.646365018769876,16.618715484289844,11.345326869474732,14.746607715915758,14.60394527625963,7.778964334787412,9.058841617539528,2.250856784290803,7.3433046287972035
5.67991309661414,0.8653103390150436,1.498377407382904,0.44474864480563503,2.2341212884579575,0.0204,2.791034835556955,4.655654445800355,0.5467283156304316,6.923080361831641,5.076564012492838,153.87178603465125,0.0,4.4805680860165005,3.218522614815873,13.197665284604984,25.92479680830985,0.0
3.123715267522673,3.4327567675539568,3.7089613376450634,2.8174757005330076,0.44756405469159755,2.78010812248501,11.701636487088763,4.55800888974991,7.227681655913496,7.353214436700589,3.8100044950851037,6.414433083332504,4.718509233864869,2.810097376352496,3.882211013573035,1.1611340794064688,6.373054664742914,86.77068518666223
8.030710641854721,1.603596446568202,5.023714235848152,18.186962423212208,6.12022467868597,5.101122085012146,4.8327060961789075,9.469631426089377,1.9335197645099946,7.33590318738557,5.696029775599118,18.43785692486734,18.592961611936644,8.37117281583813,18.97574793657464,17.758307830013226,128.82106597702807,2.7850647206479295
11.730552418406862,3.9928002347584908,0.42300000000000004,0.7831380157898806,3.896478867643971,16.1105658709521,7.600350217230187,5.322063177301741,2.5255102935282228,3.700641337658963,1.0692275200779564,21.116501402176606,23.74855714395606,8.097541781720977,2.2003484402380282,4.969795945932457,3.7287970709530667,14.655346896318408
1.6237007488964539,1.45460796187574,2.777905479485306,7.324346130573343,1.412621193137801,2.2564362599254704,0.0,3.561768511551699,8.481294913691375,2.643023581889804,4.019752916373138,0.7364804458758851,11.236620922357865,17.72236395860123,0.0,0.5696992035897753,0.0,93.60094099480834
25.292938825181395,5.000529396211721,4.813212595925187,2.1582626962894285,0.20048720000000003,0.0,2.8972295869209783,0.0,0.0,5.420450617473621,0.0,0.5018443795246943,0.0,3.5577389249903915,0.0,1.4063734729850736,0.0,2.937631788317101
0.3373724296437281,4.818958480642908,1.332188507447646,6.500502216996032,8.115064488312195,3.404523103314591,3.565574779542993,11.295215986420258,11.73779161504563,7.229025005450596,11.205444753094595,11.359031880614605,11.461281460337924,5.676081126879022,11.344932836974158,10.94544490868171,6.91810338314391,6.373262940425997
9.348051661110746,0.0,1.2131506922364839,0.8570420131401895,2.3865885443888737,0.9317793269417634,3.7113488827884566,3.2061515552557975,2.932825554662169,3.410935517323445,0.0,1.0,0.0,39.78453982077086,0.0,140.09897312693732,0.0,14.752371743171773
0.1055024712257146,4.952451558624652,3.347700115456278,3.683050696993324,2.519411219638071,6.336689178211124,16.48384291182711,0.09004000000000002,3.164191462299054,6.603261681079321,16.76366284565294,2.0375026492335615,41.213795827658586,17.007313338534566,16.515233100154045,0.6671361936416619,10.228406237886846,2.943172123562726
15.196748084527066,19.632473205492424,15.38874759561224,18.56794674092383,20.471187300433954,20.544248605898847,11.733725713164796,10.437248776139274,11.001645867874675,20.235081314082738,19.363681501370856,59.91340345700533,20.27528000730591,20.04000773203642,20.136114396318558,16.18898586414157,20.642380178330782,19.130200212401622
6.88706286370618,3.8849013020777683,5.917837664228517,11.017316236983099,3.4454814647938727,8.075646105667271,2.52351779178012,6.1711980911463415,10.007227080356735,6.98363313771343,28.292542824381464,13.232601196399655,58.503759236240626,37.15148162356338,17.70220129614018,5.130298512469256,14.042863051373523,42.68052764018612
4.387352811122825,22.71994508629449,3.845107216823757,19.529595218867815,9.415772135747762,10.851395904791644,1.5558772515253074,3.5780178953069006,2.9725194493319957,7.1225518909259575,4.406667158316921,23.639485920983823,0.0,2.380659457632797,9.615040317501673,22.582164088572423,22.900279219915646,5.930771315872574
3.2217238951124556,1.9340739091196526,1.1832360189897395,1.8401009494769038,0.0,9.907824027950912,0.0,0.06457897851420853,0.0,0.0,1.0325004365211914,0.0,0.5439779122621363,0.46370029834255794,3.0494092213697366,2.989939575051676,0.0,1.2518891221323354
0.8620195258892038,0.587101858394794,0.0,4.968423101653904,4.902199092493847,4.556120817274594,4.434203232470399,2.563876537131256,0.0,0.0,0.10853330669292865,3.1680909170569946,2.6033656306745887,0.0555318071221958,0.0,4.887305299222765,1.3784020692062884,45.1643673734216
4.745142890236441,4.134159080163382,4.047465483250239,3.6462966271418003,2.1647635735414283,0.41371521719388005,10.813752053485395,0.7152404133891118,1.0839234418349126,4.976083496331094,0.00043800000000000013,44.546475708384364,5.6191407996742715,0.7004462330475841,0.7473545159159246,1.777791312972944,0.0,0.7733412485278064
7.993261792797127,2.6185047473600003,1.5970269314566043,0.0,4.230019199849166,1.3523592919449148,6.655615635986962,0.8240702967920557,7.383917364995027,1.20402,5.95830638401716,1.5061158126381315,6.196988591649109,51.958187475876386,6.939495088554399,0.0,10.255869000730089,4.975159019984
0.020480191680000006,0.050080000000000006,0.0,2.519157564681902,3.696644050911578,0.0,0.0,3.3517277073811895,12.564612796249857,1.9100873961975637,5.8429744581616925,7.396682682837011,16.34572380906138,29.851818764186035,5.730835429327479,4.1243448528063995,7.2449252412571346,0.18679057561548806
0.5880816573803614,1.3786241217382758,0.0,0.0,4.822976266359353,1.26025722606125,2.1117790971487738,1.0038652222674744,0.0,1.9393203007106046,0.841279842492225,0.0,91.0845659098214,0.6121874814149965,0.7070511287817809,0.0,0.0,0.0
11.602099935953749,2.6501435186691804,4.0509801600617275,6.339647885287347,1.466764004075165,1.0010512523815132,2.9099813621644537,8.141947375866305,11.136269780947156,5.294060728393882,6.667116473279527,4.51680026617896,4.681396800000001,11.496881357976699,2.3873435251111204,40.54425426470588,1.2461488813365431,36.081628017193175
17.079829605262432,17.29748451307885,17.11824897256728,13.337509303493484,20.183227567592592,17.100067792081834,11.332785377346191,13.863331944012884,15.940941225369029,17.566911252791215,16.59466340294364,17.213774399125995,17.438568967728663,17.49142909079872,17.424911452989974,17.222178604614154,13.673458918216078,16.94432898201569
1.3232751968421477,0.0,1.6808406943825702,0.0,1.5782517123693622,1.0498528603918948,0.0,0.0,0.0,0.8796196750421331,0.0,31.463896035113585,0.0,0.0,0.0,0.0,1.4150111718115819,26.98400878033123
1.3556099535307595,3.6107594384057173,4.012813289025418,0.5061347593215058,4.2501832454162525,0.8899357760352156,1.6209683274898465,0.7425686573507521,2.9068161634656895,2.053254425757755,14.886863680366709,96.41411433983556,10.002263200311262,16.75500016533719,6.466203993685951,10.198766438275554,12.149206693859378,8.109043040033628
9.90863289603534,11.221631366788868,8.275041229156926,11.18032407849714,3.9059793612669034,2.6104265936393025,9.106136200794554,2.9444652693904234,4.844369937781029,7.418159706788048,90.20146169842413,15.617506961779254,14.945412314055076,15.229828962023788,9.059084765108869,0.0,15.134730878973798,6.266433758985572
0.0555318071221958,2.3864231826327895,2.272888198761285,0.0015520000000000004,1.3893738882913031,0.06712925757915711,5.703611531393634,4.932441482234559,0.6052313740364823,1.9956405339897314,1.6240338365659248,0.6507490892865508,2.015424232983088,11.472489910870634,4.312929894192536,3.7808808638670013,77.06643558258415,26.645813209991974
2.3592041423454746,8.691900743617843,3.1897531405445734,1.0272405680797587,8.225480636431223,2.3632253149840445,4.196490506502627,2.85403688596084,7.588219337869174,1.2158158900783125,10.597133735970704,97.92048833844996,4.677450261640293,21.549300266542254,13.2853573733234,2.9570561463905376,21.804819329553137,2.000105444802867
2.227344317565265,10.221696116412508,3.924572713361401,5.122578655456515,6.1546941642768545,0.6378555999955747,2.0460492185621906,3.0214199408569202,2.9619955706168115,2.799275177090458,1.1068252757909902,5.54631300397749,2.3870539589689037,4.211835642347311,2.5620107769363645,2.244267110808359,39.35939834215607,22.301642014528838
2.8131250489080424,1.7475966280889008,3.772723513556938,0.0,6.472895405698285,3.7994715195292716,9.34005786819847,8.09916654134626,10.917581023847609,2.5866031529913736,2.5261579741555464,7.133322468085179,33.192024992942535,8.298535463932017,7.911891552955973,2.7603556613973486,1.8021705697703312,2.9361837083094455
10.594886439064801,0.4381627594271318,0.0,1.745487732399147,2.3985827327494524,0.0,0.0,0.2489926659935494,0.0,1.2259330109393807,0.0,2.5197045728914267,30.996289887521172,0.9037146035893211,0.0,0.0,0.0,0.7190226280247896
17.45198553467337,18.717501698601026,19.4535966705884,14.930118055749764,19.982191052829258,19.508650017120402,11.357205434848787,16.45042031247343,19.28000716290954,16.672930102814885,19.992587340605212,20.912553029379495,14.773177032898616,16.4107751683156,16.124622749573696,16.663923353212233,16.223258163146518,18.881629372303593
0.33254547969223247,4.8861890998372255,0.36882851317991006,0.0,3.153916033134351,0.0,1.0746540513069147,0.0,0.8347054348242853,0.6225700291995965,46.79814385928414,0.8000539251356482,0.0,0.0,0.0,0.0,0.0,0.0
1.2015043040291946,1.3534020531569135,2.2439722951743355,0.9118812547044155,2.8333803005235554,1.5150181699219731,9.2000368,1.7504100387469592,1.072429459931633,2.6436712421802726,12.27169813846667,13.579736216313647,0.3012044934284599,2.462090377583649,4.804381817304771,0.8557918804117328,172.82815082628014,9.206577799361803
0.0,11.30383465666891,4.716090734482354,9.917538572517847,6.620807897524475,1.9103488887908096,1.7453013154756631,0.013628244016000003,4.341073266449608,0.4876115200539996,4.68270387266035,92.05366332248039,50.70739122418447,1.2321415028560931,5.686531203868247,1.6818246565786978,2.2444179576890613,3.127457666894089
9.537462721308337,2.870623406917682,0.0,4.2977996350519625,5.4012225778904295,3.0290458209243845,8.890023216781499,3.48614436698055,2.8409909506200117,25.410055944684505,5.668590473102352,2.859914068261922,3.0290458209243845,13.702527705362856,5.356818760919414,8.053434467797443,7.837075500008083,7.994866088995053
0.028000000000000004,10.406096227327584,5.326505201422965,11.092792273155688,1.8787384510791167,6.019348038787951,3.420922258995451,1.82,0.8949416597148371,4.79575192212561,5.67317743237974,1.6448488466659335,13.076996487073997,28.5497876740624,14.18538963297174,1.336726561314509,96.01174643986613,17.490526006993008
1.4435016826310205,10.210318043297255,17.36637064883796,0.8743184466975921,0.0,1.6158345879087184,2.7691167951445093,0.0,0.0,1.610081390308058,4.223913607532368,48.83654027365611,4.5847879867032315,1.02,0.6048160989848842,13.31409896230667,95.70308364828043,8.741839374873912
13.886722118813127,20.588337604390393,18.390318609050315,17.3169106484905,13.909295149987308,17.4962100874365,17.55593507220145,18.447583679892546,18.58313277873955,11.679410845211713,62.67787279176667,19.817691793394008,18.715080068931044,19.743443567620368,20.292928071543393,19.52837048608123,20.62596227845864,20.296210037702004
4.018476446500561,3.6769272381682554,9.195511757603603,13.057226743224376,3.292028354684494,23.829528049942233,3.3415631247570063,8.131185012593239,0.0,6.373548636638956,7.33001359274888,10.91540592280476,10.622647581328623,0.0,4.8518721736226365,6.177975275759021,10.326143899309018,5.186671029156196
18.18983700610098,18.323820692560723,5.999076145014815,6.176448771485991,11.912499007558488,18.668815970656077,5.086553058763845,18.273375556938053,6.021534643737186,5.495144745137871,19.1590527613957,12.044888053857916,19.259577309059537,18.999760982240783,47.38462119222863,19.159124338353212,14.913455839613329,19.037858639749334
3.588958603260344,1.647035261466357,8.515089112660496,0.0,0.8353906513345624,0.9316115949183736,19.563759500816232,6.363578503016416,0.949936359520508,12.200939363590615,4.194775260560138,4.580589790602045,21.19437402026939,0.3833668856855583,35.24428820659321,34.52454988612439,5.502131490938141,2.7580558107857787
7.566811056349163,17.23411336174226,8.619374927181033,18.474717199132822,8.46818758985328,18.094149538877282,8.450232812518923,17.25613346041859,17.776735988914567,16.071915703409363,18.153413868430402,18.66475579623863,18.003793140236233,18.650835174866536,98.77588352469553,6.6083117514570455,17.271013884464043,18.04009561824785
4.6139159882331695,0.0922783197646634,0.0,0.0,0.0,0.0,1.1891620179560354,2.7285858967153964,0.0,0.0,5.862370067796979,0.0,0.0,17.181584429736233,0.0673443659748302,40.1235738094587,1.6552175298237342,0.0
8.009068192080601,24.358856345398657,8.221554767924594,5.847857037133112,11.813590195991335,5.205751190549331,6.516716423473194,11.341575361142237,2.935029130009071,8.211027853371384,24.623054618578184,33.99173881133037,8.701590445400205,6.355205831142614,7.294745563104549,30.163009137666982,85.25635517985464,5.512689332730132
1.2034836305867147,1.451007075891229,25.527682434619752,23.735720319117306,6.845834419886628,4.2076768096276425,2.928047926741176,0.0,0.020000000000000004,35.8305079524371,4.18711650027135,5.9184456023153755,51.78165294719918,3.323690380373616,35.19577232084762,34.308370608095316,28.472651785747225,1.7349605173140394
4.5244235996609135,43.016771854211264,13.040932703839161,15.075153493894186,10.973499563232611,2.8524236863615826,12.596438231823775,10.989404681206736,2.657952914193825,9.76954458625176,9.770054246133162,6.593762537256688,21.03004954779685,8.204953748824998,7.234588687477848,7.429305626872569,8.29465529793179,10.357987372558922
11.29862810591163,24.63351916152841,18.695567488734838,19.515061385168245,6.3383861549669485,17.789471559373823,10.532606867272868,11.277274140177397,4.454733438323563,10.860701315011875,12.534864893685112,0.5658170498272818,8.817395098402436,12.912994558551556,14.702389812669418,11.260259528574434,12.167365957138955,2.5278851131028874
4.885040540296057,14.865763322131858,8.109874861286004,7.586196782094395,13.365113947763177,10.219149817211177,9.694538248451408,13.716491917261065,5.7236065927337325,12.939183236881442,11.16688384575627,15.55586466239881,8.492644575903732,63.045162706926924,26.452000835437694,25.777895116230575,12.99411383081108,17.24388435829591
2.2966312785381073,0.0,0.6991074678257903,0.0,1.3752467072482062,0.0010000000000000002,16.057697407369748,0.0,0.0,0.0,0.0,0.0,0.0,0.0,0.4422763740411706,1.7770796946485985,52.823389738703355,0.0
0.02316,0.958824,5.174897130378178,3.7486011079089234,0.06250127379988797,1.139160458941597,0.24178818594293222,1.0390773891651681,0.0,0.8440799015624517,1.7695947240465713,0.05488565587604993,26.248502490927194,12.787603792942637,11.501706711344688,1.9695364056905476,0.071864230150912,0.09362793600000002
2.200106426399421,6.493083763335024,11.396709987702867,1.739067319619701,4.483535718954824,14.143351110337319,5.666326761142046,1.6108169519558921,0.3802807947512866,5.72536187065025,17.949048681887643,16.6614408860408,3.9250516171317162,2.261781890425665,137.39971536868174,23.092196891840903,3.0884154218680746,1.2959925316038978
7.610620917258261,29.7357208055677,10.598838842800106,9.769543171721727,6.062865445916925,6.819642098950768,3.0526622002760613,8.315671179959612,0.42496527372434767,6.103548369951078,20.967551184542067,2.755330312619885,142.45847388423743,24.552974431319377,27.525710036615436,21.347093210632604,30.260226752424586,5.580872471618034
0.7383745570013572,0.0,0.0,0.0,1.357622593825703,0.8133246485346437,0.0,0.0,0.0,10.223225891648305,0.8883189007914997,0.37427784674530734,0.11097107557401438,0.0,1.1519064322013364,0.0,1.8342284821677368,0.0
5.919366102237145,29.64392483177563,2.1856568733143056,6.493483261689344,0.37756751803891453,5.851737061694278,9.643422520040636,3.2122486656293003,7.205587795276487,1.9996787291499767,5.090889576003246,13.26756736841015,2.78171938195601,1.91599730572544,55.65919623894801,4.677677119837274,4.901310389715083,9.397136166972526
15.292623079582235,17.838389619559504,5.994543697018263,6.249919747390328,6.153344559641282,2.6317057555651946,3.733461200445735,11.407816346370778,5.24977204870514,17.04185524529612,26.666164098567712,59.144678872284764,27.012828532539867,27.06208883498394,12.932851152532997,26.865788549206613,24.79845581277116,25.63479177402026
0.020000000000000004,61.5732264586528,6.518530246390111,8.611329237981767,1.8374534783184884,11.075183712787673,6.665663033643723,9.214709878642818,15.418288438193002,0.0,4.370507700874217,117.74844539112067,11.217630033389755,117.00946368833563,115.14735946409499,124.07983647464457,103.89882183717512,4.450064386235303
14.189528665222038,19.69340760833846,8.844973425111109,18.336309031027145,15.362711503977119,15.494370369780201,17.834794787805574,20.297504708736795,17.672909211806356,19.481994482081202,11.338512523809275,19.742756632036954,19.300306786255952,23.878251364180336,10.721492012726232,20.39235821420745,19.72221772672287,20.28623910590811
5.392054584057572,2.3267007680624907,1.0822563133339598,4.719544020229459,0.0,4.913189399671244,3.551461431143971,9.37058068650577,4.022653182913251,1.4565151407704202,0.7359149930845863,3.9411436216067623,10.836309136454553,1.9926777875588773,0.08817028226867499,0.0,5.917784092055238,136.40919536055887
6.848823692663379,5.350130665270305,2.899488477530614,6.56711534993535,2.043764261371594,3.7025966466286735,2.260418998244012,3.4431769137548685,3.2755266111707364,8.457455975922112,9.920085632507703,6.367572365355911,17.450670367150263,19.805281358038823,45.280983678513074,20.214109480407824,1.826328132265169,0.5321419350140115
0.8584759485347806,2.829276012091272,0.7245204277233492,16.17114164936771,2.9183347083128703,3.6605436493177024,5.39642229883896,2.87632193077211,3.280706062882689,7.791198410821929,4.0663418864968115,49.02764005923465,0.0,4.911523367003252,3.3594718007301396,167.85506248518536,7.9116787484921085,0.7265840912143882
0.10810125434605994,10.95785011406559,3.2582309472697077,3.436015689359848,3.239057157725655,2.000000000000001e-05,1.0060125515716398,3.9197480079990723,0.9389969880616219,1.377145921200811,0.13952,29.853181055535842,0.32570691473793706,2.359647577071274,3.0963163289492748,165.4065823485132,0.0360088,0.0
8.169152139734159,6.582240670992244,9.990149718912907,17.917725570878932,11.867422004825618,9.960164411180141,11.77484523820469,11.643665899878112,9.074140751269573,18.103323591991245,14.1410090732331,18.67140081812731,13.690603600286693,18.51376395212549,30.848550978977293,11.59272534932515,16.518787231646066,19.16500628858337
7.334865592289216,22.294357592768783,5.814851602589704,2.812227443018925,8.953176822310951,6.0629771205318965,10.48550020653751,12.70171855232108,8.874667553304064,5.221103268168638,3.6920515147493047,20.821846925569247,7.44958727195597,21.716968510797166,59.39419748224853,13.657906548771106,3.2463700861059115,21.50446758608001
0.012007785973183263,1.1558976313504759,0.0,0.0,0.7434982347871274,0.0,4.75874102874363,1.1245222303833813,1.8615878115142317,0.0,0.0,0.1625546429254084,101.67150096816019,0.0,0.0,0.0,0.23035492482936873,0.0
7.840603195350433,10.119723659129797,15.474914168196046,7.964546999864249,19.982565946677298,6.663249367646896,8.585463097327624,17.838868315648913,11.39283381383989,11.51684750395514,3.507699537587549,16.7512888841884,20.718936290547234,21.524317218769372,20.820942570217753,18.115551924391553,53.34859961909185,20.214431209085966
4.734624578875922,2.2275907795834704,9.73520834363778,5.345639552462385,3.9536863731627996,6.153312129060374,1.3896458623145969,0.06279200121896218,3.7190166975805643,3.5854876327802554,6.537651592105088,5.455071350934841,0.0,7.1424424145469025,2.3051012220359897,31.260071242025067,25.432483829219326,4.887570312700091
1.9476960288197462,0.0,2.4318589032372984,1.6978594615166882,4.927590680354902,2.984988872099546,1.4000000000000001,0.0016920012189621766,0.0,2.088592183934606,2.6536246514123545,5.79514544936589,154.59239548079552,6.547846475660863,1.1011996753331112,0.0,0.0,5.638585486582986
9.04811582140524,7.451305370064365,1.4705673870382012,0.20508239252699467,0.42000000000000004,0.0,0.0,4.372087548433635,1.9999478554197567,2.3444248151615845,0.0,0.6234749541471742,0.053205540860158135,0.0,0.20508239252699467,1.622533782792737,1.5446724474860962,0.20048720000000003
8.719729989905142,5.116199162131549,7.025493539980577,10.485291063468617,17.153114255852394,8.086746841861277,10.250940828108128,8.31581049461508,3.2233757439242376,7.884507392139111,6.037618259061008,3.356370257417017,12.308270146109576,4.948995270866727,16.841654157996146,4.009265141148,13.84984163231301,112.29754497441388
6.091937138749704,18.9966370062718,0.3495581249304917,8.39766632973163,0.0,2.72443398318293,2.0119732614357617,3.764494014351114,2.428200197176859,3.1117302489239145,33.8216153869149,122.94234508389259,34.11820259376777,33.43407650427153,0.0,0.0,30.239401111188013,1.5541926693929558
13.493784685739083,3.4972162193115315,4.172644514079543,1.7103260741998298,0.7662688822488216,0.0,3.819944808561759,2.5741693492215907,4.06765165947478,10.148266690746976,2.8363665195424916,1.957759313331649,23.735009005971172,23.46993685920407,0.5143448651746252,8.595516053311881,105.14545128859874,0.7224626776791039
0.5751293984252017,1.8047272000000003,2.0470106430009696,2.3794650929450643,0.20554357060549378,12.036622319941635,0.0,0.3790303421420335,0.0,1.8282136125868975,3.9393221588727494,13.232610718601236,2.498283988938526,2.802750520748711,50.74923360040442,2.0124417397036534,4.065327746449608,10.791435613781397
8.695890499845218,0.4298962438817375,0.7949902856801696,15.786058416514889,7.441535237990144,6.339013864222883,6.087760130072027,9.61258970116982,10.400318986816789,7.031596359024014,8.98944848984446,21.496791844357144,23.4865040257586,22.44793120574932,11.714465220484893,5.885937070444168,38.576550261618515,4.721265524706727
1.7071623572619896,1.3469424459807224,0.0,0.2,4.7335960189427935,0.0,3.6778397283229243,6.397783225885834,1.0348861443916404,2.5452208386292585,4.224928830234691,15.836500177503904,0.8061957134633216,47.15539773219352,1.1563518475399206,0.0,35.522340658259125,12.639842330159281
3.518807062056727,8.047035118870214,13.26887959940644,2.2733507192395295,2.9666210799594586,4.663248537149309,6.458309532644256,2.6522088665246826,2.707561438695888,7.131531183100806,1.5071927003057284,22.02959777419153,0.0,54.035058419674584,2.085922985769513,20.934350941497563,11.709111152758908,6.95833796286259
16.313478316560968,9.986831831735422,19.888223201946985,18.298343482818893,19.40209652189645,15.411258927700683,13.816261011742467,16.086680436340384,14.691952254189244,17.1524328756727,13.48411189866104,15.288734176224127,71.98723127161422,20.600521859705335,15.855336877227632,20.41281905694776,17.445989377976495,20.672434303317488
3.3078376552402924,3.305882508652279,3.0036785322316053,5.5302044391769565,0.0,1.4771470306856191,0.8437778937057034,0.0,0.0,8.165512580864688,45.889712237250876,3.395230121250185,0.0,3.5159604917180984,10.319509319121197,10.423000000000002,0.0,0.7993591455000292
3.086762193646462,1.615471555480018,1.5355471346302787,0.0,4.260977714318311,2.030633747032392,1.1876480179919982,2.7325476105652413,3.7583415466895063,0.0,0.0,3.719587284641154,0.23033620904474428,2.2708748981620817,179.06049497028442,1.1401684142411845,0.0,10.981270475030161
1.8427504796024525,90.71944332425933,2.6215790629326268,1.3969008540466232,2.4217981721043658,6.571405426884265,6.042941111549524,3.148413259492433,3.5358099075215708,1.643759314425215,3.7104483294874075,3.559448669718827,1.965492468396126,2.9823615456749013,2.59004,0.0,2.267103120751547,1.6919774110568233
3.041158121932136,2.9750774203564507,2.458011977034203,0.16525983253412857,1.0058438761396011,2.5977425855870866,0.0,2.7174926294067205,0.2543673939814938,2.2855213999563526,2.325072361225035,5.528436616194767,26.66991631840502,19.246371617004183,1.04,0.03952,2.8236105859731833,1.061468662728061
0.0,0.9111271655670875,0.7667823014940162,0.0,7.994209245450685,0.841013428417917,2.7334598946342226,5.097452165694423,1.358655273918187,1.7023933281021177,1.608952806635927,0.0,1.0749214152839552,11.851461679764004,4.349480896569093,1.5737233830794806,0.0,0.3673223834374558
6.9557361568622795,3.756858121870035,5.153061394191006,14.602289522233121,9.960613149548827,12.889950962084928,7.606843461253479,12.904906133917319,3.887281462266321,5.350422013856787,6.159277211740633,8.11870197511481,10.056043525122726,1.8480977870210058,55.93881814910331,18.773158338710278,7.247540976682799,8.000906118762849
7.5069852731301845,24.933614007128554,1.9194307484378073,0.1558442941660188,4.974031767588012,12.07689905262993,7.543318250996468,2.535511873353523,2.691324056914838,3.086262563439721,35.93971648398187,10.222075987026217,6.425043983101633,8.395505635448748,36.81419653322663,106.74521536193745,3.675171058525284,7.64766568982553
8.118026412086639,5.070893531821513,8.685879361433805,0.0,5.564372609858774,4.348969071777036,31.62474934946536,7.294995185795992,5.521833010939381,6.651358138589468,3.0664071524270504,0.0,4.952604411600758,10.691781986039656,6.991912064070599,3.005361542842335,5.26713790104133,3.0599606098587735
5.922430325687409,3.275318716989905,2.603789803744324,20.48086305268384,2.1591420777972123,3.8835037368780028,6.7704166448346985,9.637535008893153,6.19505925207885,2.784992447971729,3.1163716700603357,122.03016789087124,14.79953357931279,2.9337168690926347,5.687000504974845,17.62944223463185,13.171399389647753,20.705998616424655
11.107293230927993,18.22527890591342,9.001164167426234,5.954369133604528,4.239673120215553,7.671765695014096,8.932235196326664,47.44416774255631,8.869560735713067,14.590953912764405,17.869150183075586,11.220132422223532,17.716219527302698,17.686464032168328,17.737583956904547,14.647273707819938,18.524980864729223,18.27637036194832
1.9319813010233606,2.1760122983232058,0.0,1.242402801589438,3.1727248682798592,0.4531344749764934,1.8484161958584153,0.0,2.1926662316569345,2.5822884813879403,2.139008541434957,1.9434247222868792,1.5412282348562356,5.979396728803845,0.04717470411215177,0.0,1.3855324904253496,57.25176058995848
5.882616981117961,31.414114701907152,2.7628499586894097,0.0,0.1416345377939407,0.0,0.0,1.4053153100977307,0.0,0.0,1.7883319224700598,0.7227472036697146,0.0,1.6326219212720003,3.0769609866845307,40.255391834898944,0.5,1.9258395568152862
3.545657040861995,5.1039855141086905,5.555726818654787,4.229010876696089,9.290500009664648,4.9139044965247525,12.988417776726385,11.161202300029593,5.181569008767904,8.262760324702601,5.3829155563791575,4.613003861790702,13.850881164937183,4.335982254080028,13.351449447302345,81.34716234460421,2.7787167656781584,13.232866314097391
0.44574402388443374,25.961271267467875,3.508527296992555,7.027518675422343,4.670414422536118,6.207779409602163,4.73061181142743,7.04283362254361,3.744108455145215,4.476744558101989,17.008258451546233,5.1512934141514855,17.00742218446502,8.14567078853315,13.757628263688263,16.940886293482837,0.20047920000000002,0.0
5.92302064822646,7.247540243092275,8.095160329516457,10.289768844876205,7.4049056271714875,2.2933276800032387,4.622586336346033,6.9655583990809875,4.189068539114698,10.800812533252568,12.322794976831705,11.140578960768687,6.352371670960199,9.687841565862621,38.68563437430948,9.168549466204688,12.54199608295484,12.52423811379546
4.223907926791339,5.652600495891226,2.467526746594303,1.0376368882338527,6.40266558211272,1.3101209854477733,0.8203859638031132,1.5024017958011926,9.459984908371696,0.4482748872698561,2.3478162549416974,2.118286903416201,30.911818626612774,0.0,2.779280722318534,63.85799988969593,49.54166447307122,3.756335311920111
6.332804841696524,18.731330409245043,1.9581903101443534,4.134851743191403,7.385005608049213,1.8983135649891287,12.592278656805947,2.758405362619235,7.512436811475322,5.684314321124658,2.636185541346849,18.84076948159536,14.181954131240794,36.539442897866905,3.6148533263823794,14.007766471758819,7.259815934323699,0.5544274096549653
3.8278306391345707,0.6146462739495546,6.149441276436248,4.18192661914485,6.535867160636506,4.348857693292286,3.5120399228973684,4.478885956306813,0.5989320289456226,3.403631303689825,0.4046018307861621,3.0271901594028625,11.12474233919597,20.31725945257571,1.2556531590811144,5.110073453872807,1.1051778464603952,43.1108347114673
1.5406305275012686,69.47852022245903,0.05446158407424001,0.3778833459317513,2.329158612182908,0.0008200000000000003,2.1147261652873572,2.5877097826709026,1.950049281396941,0.0,3.6158051958618653,0.0,0.0,2.40808,0.7894292630841401,3.6157225421569223,0.0,30.775541088549208
0.7978453449316134,2.577563548888711,8.275586724928893,6.386813913479886,4.0126580892221595,17.102176889454707,10.422226928022532,6.53535543391607,12.601209545347935,10.053837271063504,13.278401749741281,18.802627301929512,18.0775116367709,2.848328419231228,18.84152600331289,87.97427915986292,13.849336339017002,5.335909279199987
4.63867259895704,9.999999702925413,9.914727353194783,2.235618090989579,5.339713788966143,4.005178067352844,6.547537394343953,7.514319841295216,9.727428164153856,5.041833178235482,4.737402866459925,9.704378050755313,8.57465437996528,9.945027848525577,6.952476806385711,9.660898124044243,7.835502140800845,16.151482609089282
4.917534948284863,11.490391556345324,10.5606679793617,5.165498064535008,4.116149915346825,3.9213319362352737,1.6230991711238953,0.8039724435086335,4.1225117099338675,6.102639617089138,27.098730518284555,1.5774774289873452,12.204616892004747,10.884803394832275,8.545620979110316,11.506422225034159,4.155906882544007,5.7245640448243265
7.380853349976992,5.8860241578666574,6.0661115886820465,8.507744208523896,2.1853664697274926,4.329414337556967,4.646139847566668,11.489888557060976,4.626628902465992,7.088169657628413,7.588520553211395,6.4635249082119,102.66102105037814,4.802438594162755,22.45009819815842,17.76200907867162,21.18442730588741,3.286255572152379
3.1218815692874746,3.471285513360068,4.203410959596503,0.587562164923271,7.132136020804218,1.386765283947564,4.359866224548094,7.811843157852981,0.9099908119707327,3.2662242156953387,4.128967018903072,10.676732759074541,4.001326563470674,8.839645280383394,4.500024279733953,40.96089766382933,4.598836933547806,5.093573986184845
2.6976572941657633,7.523866344169619,1.5161145291126148,0.5545391459001745,8.757677697677344,4.167540306334585,0.0,5.33766891541716,4.70366753076251,2.9447396123183793,3.2995737504837193,30.296535336788285,2.5845852691316917,9.04957551948906,0.0,2.7573708278284683,6.129876028383022,2.6512045998424503
0.724819442391182,0.0,0.4158560773597557,0.0,0.2826634966255471,0.42043590272175047,11.386072425747532,0.0,0.22287569912592678,0.7132997071380104,1.6470410769297448,4.024377800215559,0.0,0.40400000000000014,0.027599120000000005,1.5894437450283316,2.775755744185706,0.0
7.429475252238079,7.077675483705782,7.674338817550447,5.09925424415461,1.5835716872358294,7.143395090927716,5.6428862042153725,4.385068188166021,7.260249432487017,6.095658877309701,7.39820848600544,7.56734811612107,13.411916000693418,7.426470525490114,6.47056177812217,6.028670290886004,7.3471539263970405,7.652052389133236
1.3441839122735386,0.0,0.8238692691808486,1.5966794227239756,0.21021973578025538,0.0,1.3378392497884146,0.0,4.081479099569957,2.4502293141300635,5.183259001572974,1.45325978982634,4.5818661025030885,2.2108392094782747,0.0,12.973754814904764,0.0,28.37563881015026
0.26788207330456165,1.11560780453425,0.0,0.0,2.4902435498196294,0.0,0.0,2.444142951417173,3.0289797448477778,0.0,0.0,68.58687097966309,0.0,0.47649402693766585,0.0,0.0,0.049804870996392595,3.2056922038172027
9.390127614735627,3.2223616681434493,6.635045054618546,2.752394722643118,4.601883560994741,3.4042679242996594,6.2990696813967375,7.997214335030158,6.162098881689627,8.068569787825535,5.122997985046793,3.552761148468285,3.4363369179356367,6.669470965308222,13.4144632654603,13.467159860341592,15.144623413594903,14.406742421313718
5.941642417967578,57.90376395598464,3.4210510198648585,4.066249361960349,5.942397587507494,7.007856162345046,22.66685174590687,5.140344503984847,6.843584682164746,5.595321546030222,23.216698055474666,15.382379394516102,21.276548172479846,24.58237266353922,24.619103404010527,23.621330581584477,16.061071300974614,20.363417160553084
10.311823262437166,11.170882428553078,4.677320146990644,4.3654920243452775,9.202888637112617,5.294945496402109,10.13935566283909,4.103496149742498,13.276469482094877,3.657151764920844,73.4674314322407,13.251141351241445,13.767979351090625,6.265832868734433,13.831796663840906,14.22099682471826,5.203816494958376,7.222359054337393
5.722539003084218,3.0578882540063606,3.1794024018919567,0.9951232342217502,4.90426283189759,4.758561520525545,8.467980228256383,4.341697504922911,8.915856863104942,2.6651155889371783,8.407322252513193,2.1807951207128817,5.106062010800352,3.967750288658112,0.7213976980666761,54.28767533020171,6.962078129005009,6.1507521927569
1.8841198029319934,0.7606030082645583,3.047484599923101,3.1033457050806534,0.5788409775015618,3.622724193433749,3.7076981561780133,2.3504717740933994,3.4561570168499216,1.2437736110856865,1.430353321669788,3.1390259074145703,4.140535539594826,31.66718017283936,42.15102556924855,1.0321402741065313,1.962611790508055,0.0
3.863746268846546,0.5442435500083495,3.5751265614206424,6.4272860365075575,4.647797099089677,1.988954062261289,7.146263016261824,2.4671962409700043,2.0534067337014728,10.204282818665545,13.400220668586549,6.1169474094816145,87.9347767610499,14.002524791230995,14.596683495765689,4.1180888801166855,5.636301839888844,7.176060190115379
6.442733836770122,11.785922098348207,5.449256770688138,4.319946805472729,5.797657814350134,9.684638851319079,6.294205419952623,1.3497761395174486,10.303237740596478,8.235767799165611,7.968094437767118,19.390233741932917,34.536533992892295,12.417682302255745,19.279224208911593,14.628207648429107,3.4499848805605886,12.214509476285752
15.438309130395275,25.288231385218506,8.312962531550575,6.361508865556246,10.234877156075843,12.470722308082596,7.1082893726178895,11.928142891747893,8.900059877683082,13.028700983659817,2.8120185482398483,4.545151290183256,7.560845104862728,3.0821847842162104,15.319933378542347,12.756506833012683,6.79166858389449,7.250390975306134
9.992319506568968,0.0585477894850902,2.818447394717384,0.8306343744247281,0.6750813042351428,2.139930100361262,0.6875642253752308,1.557813954195673,5.7843851268673045,14.321891612681704,6.699137036800565,62.27253548367325,2.0984226388829845,12.579863804906752,1.7286287710429826,4.69690230179134,3.0407223755320834,1.3487254914536164
0.18529799941821237,3.535218724851683,0.6777776214760273,5.645460330282141,0.0,4.876263142584536,0.0,2.1939411069666614,0.34751648300564414,1.9843050267463296,0.8418884926089087,4.726678786467182,7.204280957973513,0.0,24.391395459603675,1.3439416085480567,0.0,0.0
7.448030016201688,13.99565548346406,10.302382862919732,6.134281598719056,7.77456004980688,10.220188799971528,4.326210085184173,3.808420312041201,1.890050678499649,8.368791259217952,8.82552426991275,24.685586925684138,3.29837143491671,5.957918702120417,14.886944953044186,15.484826492449994,15.59856005083692,2.366443103644276
7.395312101334882,21.462116932287422,5.58148883634223,10.833380300476914,6.081848965072689,9.303078994927853,16.584635042500874,9.50520650485188,7.913117678158754,13.866973405468558,4.815467330901926,23.05606605982728,21.94674996226684,22.923763840222293,45.00546455700234,6.19361040764129,23.221756928801366,21.788184697483985
4.062816002793931,0.0,0.0,2.8344710947993623,4.640682294454283,1.4138298640609193,0.9199999999999999,0.0,0.0,0.0,0.0,3.1652507382732535,0.0,83.15616465288231,0.0,3.6625633878058457,0.0771608,14.596909052762976
10.322980543814126,3.6420816012329906,2.3047012653327013,8.4383165478088,10.73130757998286,15.051966205082309,9.260286950206146,11.167487361914091,5.859019242785514,7.432212995885439,24.647390513185286,24.882642185288912,25.01899379595645,33.96708402148558,24.534866907836598,24.600769998353687,24.078628836530413,10.543520369919554
2.771094776375775,0.0,2.2610699804202916,0.0,0.0,0.0,0.0,0.8992129693974324,2.1605298884141506,0.1374807241512732,0.27904146193853907,0.0,0.0,3.1124229293526837,3.04189032155337,0.0,188.26339102429336,0.0
22.46108693642116,4.6755387983258805,3.8450681286738915,5.277845355473861,9.442205984469727,1.7440799015624517,7.8693840408003854,4.916888174809291,23.43906416017746,4.065554523976915,28.601975050851934,8.30093504258563,13.400564155781062,0.8463682956001524,28.216200321085935,1.9039284624525625,72.79503256969252,12.897445629927171
2.9447486448056353,4.818862451228804,2.9447486448056353,4.9421550562707495,0.0,0.0,0.0,0.0,0.0,25.68983014470009,0.0,2.9713654261044815,2.598843101125415,13.41050388444816,6.410794822404661,3.088221576478039,2.4204589140478405,5.917473422995573
0.018000000000000002,32.85944802339214,7.889499528848342,2.0586191002932495,0.0,3.0883365702078565,3.985485998043372,0.8177474740903217,4.996699289356348,4.186751887480779,11.353371757310677,0.012434113979362444,12.871506805535248,4.581200359195039,4.225628688898441,0.40666661064682885,0.0,1.2590536979318152
2.4628342210661986,9.278616813263538,7.45810756451867,9.2070979478294,7.933070634191225,0.260005307109199,3.139328808877347,6.7522847369612435,5.573965026756849,4.734226329049593,2.5321478081281357,9.46419339254381,3.534662624089633,3.7274456437329917,1.1800199101908184,6.437220279489354,8.996848821475607,22.27047658403864
0.9402881618024967,6.570508865706865,0.0,1.825706914737937,4.426724859186,0.21989999999999998,1.7157158549691403,2.5308488277718495,5.833934113061144,5.106983774348391,2.1781368498346176,1.6826885446053033,21.382317655344004,20.658139732244077,23.904342372675057,0.0,0.21800816032000003,3.208860071088372
14.969142519514694,4.143113482666192,5.756454976474256,16.532411109722688,0.4796469542905242,3.5718681042943117,3.481550709644001,3.1384383808531062,0.0010016000000000003,0.3834845679061342,5.37375206307422,27.69937470174925,3.509994106758495,67.40653032518087,25.665549692588424,5.744610120197038,4.356617765684745,6.024320938389824
3.9888774444538733,6.425573469694768,2.59778296,7.82965894479841,6.841909087670871,5.22393030608998,11.035741572103609,6.21830749621894,6.2140479617469015,0.0,2.8512414168139175,6.538245285377867,1.3450998678983321,3.9752748232273234,9.274744209346863,44.93488075251916,6.9293195655868125,0.0
2.768207359258885,3.4604886434576536,1.9406018470405444,7.283604611488521,4.150496948203399,7.1478026977964335,1.9017708988373543,3.608245665116903,8.269566318579496,2.7014363666543155,16.34149042083132,16.198522443993312,16.65636848387466,16.576191216528287,16.3622717739639,6.3098619058723,171.41475510609226,17.060577384025144
6.348465007243931,1.3150476800032385,3.114461880613332,0.20668496511965093,2.875426434398106,1.7707226580600794,11.582007888891535,11.144249290924648,3.9398074247627735,2.837769415915215,0.523803944501102,2.2222133174415575,8.09562406709873,3.197407171911017,9.80140798731734,19.22768456630729,0.0,2.73768
3.132659509926942,6.3038969280798405,2.6304721754587037,28.140877920204126,0.50036,5.756091579281671,2.91366251339693,6.00383038426999,2.0870064800000003,5.41585864675833,0.08700648000000002,5.058675370634449,2.5870064800000003,2.4820033692564167,1.548343081174617,2.6988665613726273,2.5870064800000003,3.1324529682366555
3.873799328635647,4.511455674559654,0.8984694305168089,2.68827080065753,2.5134341558458253,5.838785185754161,0.0,0.6217056989681221,4.321432402765174,0.0,1.4879266781513276,1.670716786719702,7.568867029326995,1.3546597950444013,65.6909197643983,4.112940065707228,1.332064748083152,0.0
6.279974830470861,13.971891998467527,6.831509037115944,4.905922975800472,0.0,6.464619213390802,4.408070655910873,8.655855232776883,2.8420429230397803,13.423629357597816,6.982801955150525,14.40169363313519,4.774394673182625,85.72837427848845,19.139882148971743,6.376829821473155,0.7893553224178363,6.199131575675853
0.6263036162598853,20.71271877749441,0.11199826707134197,8.1321709221744,0.7215000418455535,1.7678173776271393,11.980027297060882,0.0,1.4985612578293548,2.467696389601599,3.0511543290259975,1.8047272000000003,47.63632823549924,0.0,0.0,0.0,11.860061973745792,3.901532556257295
15.374219152830278,8.475592283128316,12.296594194642267,18.892783330067886,10.587582669407135,15.038355997536543,11.625467292699794,11.832243273572606,18.745862216113206,9.770252694281229,18.035713782854696,13.547224419555683,13.449308394261461,5.807384512526852,18.819684675987823,15.919099804569967,23.347193429658535,13.052238808257869
2.543923099672464,37.066809495511336,0.0,0.910022220701772,0.0,0.0,0.8763583496655953,0.0,0.0,1.2200000000000002,0.6000000000000001,1.2040553353600003,0.0,0.0,0.0,1.4127837151990017,0.0,4.913830501303504
5.1802048272450385,7.485123450856902,8.392087707887399,7.7213075105329665,4.697767021351714,11.660245740161951,7.86826670223437,12.318444422440217,28.007494392018536,0.0,5.564710402014352,5.830427039067926,6.307301799961725,7.752862410966726,2.602320539638127,1.5913294346670357,6.178415891786747,9.508745203858146
0.5125957710109862,0.4043904347653515,0.3004291518449661,3.198046887102784,2.3128876578395645,2.1410999555015184,0.4043904347653515,0.997681141822361,2.078860288549911,2.9676892172831235,0.4503189478356527,24.940890983338505,3.0139437168345196,3.1434523485135095,2.2354011370701556,1.5042521983831918,0.8406590552511437,5.803386973114806
3.0962327247735444,0.0,0.4567343466157445,0.0,1.1452037863108222,5.483685469506101,2.9160370725574425,1.447491596572108,1.0204556647897702,0.0,0.0,0.6204080000000002,0.0,0.0,0.06712925757915711,47.413155989684746,0.0,0.0
3.5029717722749965,2.0783344779212443,6.61603728503883,4.636205464405804,15.514804289034968,2.2857313991649653,3.503070682585074,0.5705796528347041,1.4923377029409701,0.6209856989681222,3.735225273676292,9.447476306493764,37.73777770679096,7.471915633819503,2.4932647771748133,10.763810136201663,3.7783339949979737,15.973412736066194
0.8071557843518178,2.593052950287163,3.204250632124376,4.098943322782359,1.605488117565647,0.6361259780235812,2.050072565337748,15.771026539424303,2.8956173471446807,6.065948257635025,13.29472888422353,116.72835391725853,12.698320544287968,14.810241175033308,45.96460621350037,0.9415975988434166,11.215566069398601,2.7733607314932742
11.092342799482335,3.919819869000455,3.859489247617002,10.216281196176503,5.342868222249539,8.804590626795832,4.838466654859917,8.574908270088558,10.871963538894398,9.992433567763168,6.9962869161825,10.013412237871957,15.470056721184518,12.262060622631362,214.60633452705588,4.051686697551407,15.174726745039411,14.720668489755145
2.832480831182129,6.634403767535038,0.7368272423258713,1.5084367375396353,1.235897936473194,2.9283777193107268,2.851463358768105,1.2209622016927077,4.904870390607667,5.740037632920647,4.06442058328826,1.6339203448088435,16.665389791318564,17.273473663879333,1.2115894453629579,65.45488154124578,16.06305169320321,1.9727683417495505
4.950657202248148,15.41569270133363,15.931072866068655,15.08571252483721,11.22265462531594,9.05173962288484,6.498446678865463,7.21461399098758,10.996128376295195,13.071530176183744,9.64593339244219,15.412153057213272,15.83251920730609,15.53600024718666,10.81367146265347,12.482212493292838,64.16065636037933,15.492439262819339
4.505299328391291,15.026506257214331,14.718576003814114,9.396625833993259,5.11924428214298,4.123676673479146,5.399755110893322,4.990410731037056,4.738640648759144,2.9306457224178497,13.555257519171901,15.055515371754632,11.800209976327416,1.6232987929464173,8.439779506706468,12.209604980912868,9.334073076771654,22.54634427041462
1.3605774448111616,2.2242914879873266,1.801268045663587,0.06094000000000002,2.189672917141406,2.4298615078188783,0.0,0.0,1.801268045663587,1.3415538891741507,2.0020000000000002,4.6514047573440225,0.0,0.0,2.5274330059138155,17.550721938158734,0.3368994617744555,2.0
1.5793614477085942,12.504853431713794,0.0,0.22514051308822433,0.20846695324101222,0.0,0.0,0.1761697276948982,4.0796245622406975,0.40808,0.0,0.0,0.0,0.23573445485329794,49.491675979066436,0.0,0.79045849576281,0.24724913678252358
0.06535117572929049,0.369706393078753,3.8308699463246887,0.5004632,0.08734496486513788,3.734209276320852,0.6304125357019584,3.334595228717168,0.0,1.059196606446161,0.05488565587604993,0.0,0.09004000000000002,1.4050000202509834,0.46391412583729724,0.29053209103960287,42.13572967921585,2.5151267225446396
10.981303315820586,20.919379031432833,21.216195722711745,12.695063507915645,9.008511475953126,6.3842957179315185,7.260411038792977,5.505536376970546,5.836279995287291,8.595471647626324,10.468921055202582,54.01277583268587,21.54150026015968,6.5593746536778355,20.789366765256993,7.978985637027112,21.45235712295589,3.984651554288704
3.3392076360331737,13.968757997940266,5.760010283744624,6.414358727751828,1.6993456008844237,6.002653923577876,4.322241441804731,1.3537544198411937,2.2065021276214347,3.8706391445678516,1.6784636604243155,2.186209615033377,3.755132599432456,2.1947650080554553,24.61040351363977,4.070252108004619,0.0,12.211572914176436
5.560681514046051,4.161137868394822,5.146493572273755,2.4784961160150014,0.2549045997227965,1.0204556647897702,3.257785377942195,5.545365366341374,0.6277216532594658,4.810626643800073,3.655404599306107,0.0,0.9893315980659771,22.963677920381976,5.92822577065835,142.58256435109203,14.801509625372875,45.25948076129081
6.1904832517667225,21.48532805113806,2.243964429154638,4.823096791770773,2.220117065452806,5.572455794921465,3.129868266524743,3.89186855702397,2.3368134235988354,2.1172416691577114,22.75095379951206,0.0,2.5696183785171125,0.48595379893577095,10.426470240797691,21.922707174357598,0.2588172685312,34.376048451437015
1.4592546655278325,13.413702001460157,3.9042549981877857,7.306063360691834,6.23504846344919,5.471329857522289,3.227522839757521,5.944144083103867,3.130281047231323,14.371847836278393,2.262983847918153,18.370197533362326,18.192464942722086,17.678312208496173,5.9454454163956445,139.08843062918626,3.058092053915545,6.5058403989112294
0.1555445199009743,0.0,2.315151335862053,2.1506124237108004,0.0,0.6261146719341845,0.0,0.0,2.250414890929175,1.1462475479692473,0.0,0.0,2.571669035899875,88.92694190196877,0.7442525358031984,0.6712894407615526,4.215415775757938,0.6804083333802473
2.8304634211515833,52.463114386276175,0.0,2.7474782050216224,2.87485896715679,1.7721315304852847,1.7870881742738873,0.0,0.7350786425777129,0.0,51.65844063408393,0.0,0.0,0.06345449736559719,0.0,0.0,31.49725798186789,49.90559410311849
2.774913612986896,3.5422421001640743,0.0,0.21777901247594628,0.0,0.0,1.9328320407415542,3.7387455785250214,1.6866807624292695,0.7626793155764939,1.3038650655036896,0.0761764,4.542919942575989,0.0,2.572436111896109,12.509097817671336,23.791459509486966,0.0
4.858371994013259,37.28596569042354,17.128381853753215,9.375037691835013,5.436544844323615,1.55592043759971,13.548517458461966,1.7201611434645994,3.279806033473389,6.205188369336985,18.382158020316083,36.05512710454856,37.390406701656225,36.978959598868954,36.64686526346311,107.9172959369692,36.74726760079253,37.31155035666465
9.164250929456497,18.35374964025615,5.008283992938883,6.6112347036352,3.3867190368375537,2.2525563790540515,3.6747152153270135,6.222971444394471,3.9453794626900085,4.158417131037665,9.539911246019697,2.7208648810131555,6.951016115191805,9.096945099761959,5.5740166497210915,11.193848407331325,125.62744274502992,31.337734236218285
4.275153811439661,6.450645225046861,10.028911074133164,6.892742897976328,2.378689907114465,5.656454616375292,18.123081932722766,4.488236779898664,1.5742122568347687,6.752723569217644,4.175084709781098,19.60447084189002,22.322269446077193,21.94922581539211,6.5835940719001504,4.621920840709879,105.60501459909327,20.63627799150422
0.03960006094810881,0.9289680952448057,7.884000000000001e-06,0.0,0.0,0.0,0.0,0.0,0.0,1.4346248666173949,1.6057703818086073,0.0,1.6093392473090742,1.1672589066562418,71.31132117299929,10.2404878208,0.0,0.7276796701660926
0.2000944,6.3128661459577895,0.20101343645732606,3.921349943581796,1.7586996552965821,1.3368662536788882,0.5739007976317321,1.4765346309165666,1.3175236438365165,12.069279051689062,0.0,2.41295664989977,3.0120445535997686,1.0010421840598702,0.0,91.12472133363676,11.830792927650496,0.0
2.445131005177986,6.822084083796904,2.3767267347286882,7.080765026529437,5.6883230117774914,2.5480797324106295,1.1629935328722043,5.027213038290264,1.5248311498735805,3.433270241008745,1.8847024366769878,0.12175520260144056,0.0,8.271798095914654,2.308330537065432,62.13760976339757,1.303946915240659,4.8107009818630795
4.583633704904595,4.933474071866792,5.383042737195182,2.66498724519765,1.672205666465426,3.704508855231865,14.584618756027394,4.20554607071729,8.8065715558726,3.5397236341070277,15.358420086989858,6.527668200074547,14.445209498934796,1.439952256793758,52.466330010894055,14.869451918575646,5.137140444991831,2.494555392322375
1.6806347188655781,10.836526854690838,53.66793509972509,6.928648981476062,3.651199898070975,1.6465073410287316,5.324350136056268,13.545168921342555,0.056788007996928,3.0638415956963163,4.284720885114211,52.01915470136225,58.490527225915315,30.90762339049254,14.242494337359828,5.782433082609202,12.729694954124259,6.021717498603852
3.427880096544374,21.482451003988963,4.339922509527646,6.644539945629267,5.270272695229539,6.863653308876756,5.529020476549812,3.0150295582796884,9.492361707914213,5.332172206269485,4.4653540443754425,1.7748705844811152,15.93290480142735,2.955017167559231,223.18408236847245,3.9529624313810516,37.79194381783756,5.160945372487964
4.446007492862929,5.302766060679959,11.856605782146413,6.192663183942783,1.263594806025356,4.035263371665308,2.484981814796826,3.4286935695006764,8.80628965786942,1.296312587169641,16.443204537957218,25.435115236714747,4.794133293100856,3.560473976176652,18.190122391473558,16.170519134041943,3.929019235916927,1.6998778429969477
0.8627990565661522,0.0,1.9838969834189357,1.963906438203324,1.7464024871848487,1.846515607328183,0.9208909757513928,0.0,2.8558160266338177,2.0902049577361512,129.2765886958765,4.833702114779087,1.6435201760000002,1.749753947605961,14.381765850051563,22.25159885190465,26.087215735411036,1.8030044552524704
2.4433259496887083,7.565055305969244,19.120438737597578,3.5592566363080183,7.51317287124097,6.629492800401406,5.004744017623711,5.960278101752154,4.339092138257715,3.538196197478982,19.261082918738243,18.899949181883507,5.119829164060243,7.0040076159797655,7.323950980767852,5.083385399461951,7.792916026903195,94.18958810882835
2.1619037447194356,26.001390711453233,0.0,0.7052649090332319,1.5304204519714057,1.8048281378709046,0.9112424359655666,0.0,3.1353444193372777,0.9449864048000001,0.0,0.0,0.0,11.488476595836088,0.9940901341413488,0.12443139119360003,2.2797035345132346,55.40160924937659
1.6539991439779698,1.0204556647897702,1.6914433766608514,2.1007052833894946,2.106564244595939,3.7652793303580196,0.0,3.1870704827939313,12.667434887589149,30.942211862103935,6.563459226445257,11.954089727748094,23.113691570391012,26.531639486100925,9.588151239445283,58.39613364496581,1.4372871088639976,0.0
6.592595590897448,10.558263908690945,6.195724822051968,9.865383543685777,10.569215621714434,10.576455856125774,8.330523132928333,7.480919285949075,10.79722055716293,10.2088275329559,10.436169498901894,10.284718440404827,10.330421515691391,10.849929190876724,10.680071638743836,10.552891348110094,10.672090253544495,89.3686120871485
5.68722060618859,8.784787059287856,8.077906541947394,19.818131997709095,7.782632472308455,8.520413199945457,4.241835066750967,10.683752647316597,4.054650504044295,7.856566542811203,20.841456989732002,19.664660143897574,12.701611194411436,20.767085475228782,28.486057526031573,16.150373669499736,14.768005999591413,19.434819551676455
0.6003892986591631,1.932573471952938,1.7558355651716917,2.4315442087389796,0.021949464335238453,5.242373590783923,11.614687070369484,11.204435166551125,3.9785235247955066,5.2575982101269645,5.27456426241298,6.405555078674216,0.8495633512493491,1.8966679066580994,84.73022935522684,3.285226978092463,6.511817327317812,10.277178530274687
1.2285012229835364,14.902732446588164,0.0,0.0,0.0,0.0,0.9180422656502739,2.527082199903449,1.2479012940720509,0.0,2.7022289155347368,10.672338799141198,0.0,0.5527920838021693,0.0,29.886051568725026,3.4091266573015435,14.379098135629627
0.0,1.0987101562597992,0.0,1.5768000000000005e-07,0.6779708663340738,2.1053161282217383,2.647500567419837,1.5817476648559492,1.4333106953057533,0.0,0.0,0.0,1.7497674696657122,0.0,1.2123959409570637,2.099490789716865,0.0,1.8047272000000003
0.9658205821058874,47.76358627687004,3.440444430191341,0.0,7.454128833469005,6.073159721062097,0.0,1.2000944000000002,1.8457745546353992,0.0,0.4804268141366572,5.905997519558493,6.074800708756161,5.791041224555562,0.0,3.179103150543309,0.0,0.7001461352464766
5.096973278133488,19.185644669508978,4.263299334678208,7.801435455895634,5.897302714523848,7.162217651873738,6.679355822050016,2.5452450858702327,7.194842427751915,2.0200723191074563,19.109824001062464,18.96216963010096,19.222715053417815,14.904341695515457,20.499634215186315,16.416985020794712,43.73210905779135,19.02106234177933
3.218909761635901,4.82399089425785,4.729235266219444,5.963737276486454,3.9589149292682864,5.050354115608096,3.745339029106057,11.182480295451866,12.011174097601083,5.419858665077054,4.8672114204697525,34.322714359411904,11.433417633476276,5.224564266053491,4.482043446876153,14.954819311511798,10.63514785674506,9.331643244543114
2.016540115767197,3.9575581251399314,6.391220925695289,3.6357724328693926,4.09531063869362,4.940921871398226,6.097911803577543,14.071362967070945,6.1036890743861685,8.190699429263486,24.67022914252728,6.7476845954738005,57.23645215438574,35.46081469597593,28.82595191623787,3.5785848590200025,30.741410686030843,36.6019381466392
3.0992310350253085,4.805080365084236,0.9741760897541053,1.7415295407863463,47.41243179597872,4.841868532178644,8.310265817155335,3.3144589375461817,6.397534632237192,3.528548488043209,21.941840792874242,1.4571487521185702,13.237021961717563,3.2202662420752977,78.76645719104856,1.8408853439925021,31.572839110569827,50.956927872916545
5.703308940888428,2.7049816402744593,4.721252790039601,5.694219396568778,0.0,4.481400017177695,1.2664250931003895,0.5017876819782352,0.38245600588700035,5.723171789029819,3.058861207264486,24.357004064740355,5.22141944964137,5.744222204788492,8.380805712414334,2.4050545294297603,0.020000000000000004,7.674347022654578
5.524811083007363,2.176546536426007,4.282876321436612,8.844421851132463,3.937698021634153,10.625693953945774,15.543628964668482,6.306481159360198,14.882263854308789,0.0,17.784006790035185,10.773173175182656,4.575204193002697,2.2481915536442507,38.12494717829638,17.47088694874117,3.704211119377102,14.411960245541398
5.274156277251786,10.364206802222633,11.21283907942972,6.951196252502519,9.377613712850623,3.9612697933927064,13.1561050998903,14.275060384741494,6.020971296415841,10.333469802932537,9.786015379649063,12.482373583877013,13.981122628074438,8.664762679701205,6.766925183806525,65.17835204098395,13.333301086306717,12.510345424725632
0.849698580667418,1.5489242574603848,1.7331271658136709,0.0,0.0,0.0,1.0214988014753608,0.05456593970204237,0.2576606178962011,1.4104198459365507,1.2154207578118712,0.0,75.73563948707911,0.19639140707351346,21.464238833889645,0.0,0.0,0.24491787890089867
6.886445197375828,1.4964038968291693,4.668917626809529,0.0,0.08004000000000003,1.7405019812079068,2.875892457916903,1.6998379385397486,1.4572964812482465,5.481538929609016,30.481083804881948,5.454517791976967,1.911392235558405,0.0,0.29053209103960287,2.370871134741339,78.02282792563359,1.7197849773844955
1.8914185973155733,4.838417617912057,4.471067002739396,4.485360021317319,3.752782573239258,4.75104147104515,3.0430303771203775,5.022981755778658,2.2304594640847086,6.4254309817248565,4.042223281753721,5.042727811818492,27.34062676688601,9.680986131861603,4.627092038914275,2.025556909993541,2.4822768901246843,27.67145936922323
10.032019985429251,17.64033070713101,17.660332406042578,16.947748253633122,17.317080979312728,17.68269656065335,11.966705310624265,10.178386166254834,17.09761364554428,15.823812020506091,13.115315157303668,17.66738552718717,17.387321655844428,15.306178069510937,15.792386769400188,16.567641833870006,16.986102801747368,40.93695631590903
4.6469899299775665,2.5154837497651843,2.6163271146793354,4.60886615864219,6.212120505026027,1.2728425966499257,2.7767791481127424,0.9366778758025354,1.045812009250802,4.0785222628489715,78.01058012533642,0.29475598610290055,5.305418701053345,12.620666285467458,6.473024997680263,2.923937993235058,4.520084760394226,1.0300710876441828
2.8308327046107427,5.19230389682917,0.0,6.368745120369075,3.2102192384425186,0.0,25.117672900218885,0.297061305594495,0.8790792335972318,1.501089231681485,4.052913608875711,4.961681500093142,0.0,2.9957339897092776,0.0,4.8075544880355405,2.6085230979799294,2.7039625410536248
17.85129527173574,18.243526901623056,18.286532644940845,10.920000032443674,12.978507617211228,7.509349667673742,9.871257576021973,6.033730658246123,6.03822115250937,16.160602684726523,17.40421621710165,17.307488036757555,18.216621051001276,17.5697546376328,10.70902913980801,69.63326423926637,17.848637678788997,17.659191408590218
0.22835674144431162,0.0,1.547662823081029,0.22205110721007104,0.0,0.22835674144431162,10.439611982718969,0.7383521535654453,0.0,1.0117931922429177,0.0,0.0,0.3289755429626759,63.581628608120255,0.9303009479477542,0.0,0.0,10.228356741444312
17.12602277888666,6.410250286447765,7.708596033113902,3.6977902656739223,2.43306537649607,6.694662290566392,5.338034251603956,7.94224280732532,6.573673764551543,1.738585572549997,12.745796336479932,8.991704574245334,8.576470450808152,16.40910854115966,16.15644472463857,19.26378389246077,16.5255041809858,8.725796112634454
1.0824976390209982,2.09440594798348,0.24652173826757287,0.21952173826757285,2.818743199992221,3.509601509602268,0.31148520657405737,0.4489501307091923,0.0,1.2374662482450585,58.96552476009696,0.8439884664463899,2.1263897292094875,1.134073463789582,2.2582559776454176,0.7835337255077354,0.0,0.0
3.8369309574493,8.690988925751158,12.801851338084878,8.618138964930775,5.770191924343581,5.686315889564533,9.85682112129648,10.370544014763716,7.626456337894087,4.776953707064458,8.255756888106237,13.69784631505383,6.554430981479684,6.763101233395119,25.23429291980107,14.281818050955744,0.0,14.647917324032058
1.801268045663587,0.01836276135549689,2.863818526369325,0.9191802874450686,1.924707406478587,2.9498322531877412,0.13486150781887812,0.3697428173677512,0.0,0.4391252977812249,35.63803021194884,0.01836276135549689,28.40743769296725,1.878754941278764,0.0,123.50892297066926,0.0,0.0
8.30384824923908,13.550510110107233,6.1543218782877265,5.693819966139841,6.758106655380197,8.18698650774149,7.564645628150773,4.151679790675097,6.060149253628176,5.980712804547774,6.322252087079033,6.68127579329755,119.04986201874172,11.675357414195878,13.495031515451172,6.0722869585396335,10.483444454220312,4.5040792049424105
