98,223,98,223,98,223,77,223,35,223,35,223,48,7,0,0,0,0,0,0,22,86,86,86,86,86,86,86,86,22,22,22,22,22,22,86,22,22,22,22,255,6,0,0,0,0,0,0,132,0,48,0,10,1,0,32,1,128,0,16,16,3,16,64,0,0,2,1,0,0,0,0,2,0,32,65,0,24,0,1,64,0,0,0,0,0,255,0,222,37,63,6,134,134,134,134,134,37,142,177,68,64,60,56,52,48,65,88,31,32,70,94,0,56,6,9,0,7,17,255,0,255,0,11,255,1,131,0
98,223,98,223,98,223,98,223,28,223,28,223,0,10,0,0,0,0,0,0,86,86,86,86,86,86,86,86,86,22,22,22,22,22,22,22,22,22,22,22,17,14,17,97,49,0,0,0,132,0,48,0,10,1,0,32,0,128,0,16,16,3,16,64,0,0,2,1,0,0,8,0,66,0,32,65,0,24,0,1,64,0,0,0,0,0,255,0,222,63,97,49,177,177,177,177,177,177,177,177,10,14,18,22,26,30,34,38,42,32,125,124,0,56,8,0,0,0,0,255,0,255,0,0,255,0,0,0
98,223,98,223,42,223,42,223,63,223,42,223,254,2,0,0,0,0,0,0,22,22,22,22,22,22,22,22,86,54,22,22,22,22,22,22,86,22,22,22,255,206,0,0,0,0,0,0,132,0,48,32,10,0,0,32,0,0,0,16,16,2,16,64,0,12,2,1,16,0,40,32,0,0,32,0,0,0,0,0,0,0,0,0,0,0,255,102,222,53,63,97,225,225,32,0,128,167,136,4,68,72,76,57,77,13,42,20,5,1,29,28,0,46,5,9,0,34,82,255,127,255,0,29,255,3,0,0
98,223,98,223,98,223,98,223,91,223,70,223,0,10,0,0,0,0,0,0,86,86,86,86,86,86,86,86,86,22,22,22,22,22,22,22,22,22,22,22,255,6,14,0,14,2,0,0,132,2,48,0,10,1,0,32,1,128,0,16,16,2,16,64,0,0,2,1,0,0,0,0,2,0,32,64,0,16,0,1,64,0,0,0,0,0,255,0,222,53,63,14,142,12,140,140,140,140,140,146,78,74,88,84,80,76,72,68,54,16,1,0,0,46,7,60,0,0,150,255,0,255,0,107,6,1,0,0
98,223,98,223,98,223,35,223,49,223,28,223,126,1,0,0,0,0,0,0,86,86,86,86,86,86,86,86,86,22,22,22,22,22,22,22,22,22,22,22,255,214,14,97,14,0,0,4,132,0,48,32,10,1,0,32,0,128,0,16,16,3,16,64,0,0,2,1,0,0,8,0,66,0,32,65,0,24,0,1,64,0,0,0,0,0,255,0,222,63,97,14,14,142,142,142,144,144,177,146,70,106,102,98,94,29,18,0,18,32,125,124,17,56,4,52,0,1,48,255,0,255,0,14,224,1,67,0
98,223,98,223,98,223,98,223,28,223,28,223,0,10,0,0,0,0,0,0,86,86,86,86,86,86,86,86,86,22,22,22,22,22,22,22,22,22,22,22,19,150,18,97,18,0,0,0,132,0,48,0,10,1,0,32,0,128,0,16,16,3,16,64,0,0,2,1,0,0,8,0,66,0,32,65,0,24,0,1,64,0,0,0,0,0,255,0,222,63,97,18,146,179,179,179,179,179,179,179,6,2,1,5,9,13,17,21,25,32,29,28,19,56,8,40,0,0,0,255,0,255,0,0,255,0,131,0
98,223,98,223,35,223,49,223,63,223,70,223,252,3,0,0,0,0,0,0,86,86,86,22,86,86,86,86,86,22,22,22,22,22,22,22,86,22,22,22,255,174,0,0,0,0,64,0,132,32,48,0,10,1,0,32,0,128,2,16,17,3,17,64,1,0,2,1,0,0,0,0,2,0,32,64,0,0,0,1,0,0,0,0,0,0,255,102,222,53,63,12,41,169,169,169,138,142,142,179,92,111,115,119,123,75,50,17,23,16,1,30,0,46,5,52,0,19,86,255,0,255,0,32,255,1,67,0
98,223,98,223,35,223,84,223,91,223,70,223,124,8,0,0,0,0,0,0,86,86,86,86,86,86,86,86,86,22,22,22,22,22,22,22,22,22,22,22,255,174,0,0,0,2,0,16,132,0,48,0,10,1,0,32,0,0,0,48,16,3,16,96,0,0,2,1,0,0,8,0,2,0,0,64,0,16,0,1,64,0,0,0,0,0,255,0,222,53,63,0,0,128,128,136,173,173,173,179,86,78,74,70,1,0,8,17,69,16,1,0,0,46,3,40,0,24,150,255,0,255,0,52,167,1,0,0
98,223,98,223,98,223,56,223,42,223,56,223,12,4,0,0,0,0,0,0,86,86,86,86,86,86,86,86,86,22,22,22,22,22,22,22,22,22,22,22,255,190,9,0,41,2,0,0,132,0,48,0,10,4,0,33,0,0,0,16,16,2,16,64,0,0,2,1,0,0,1,0,2,0,32,65,0,24,0,1,64,0,0,0,0,0,255,0,222,53,63,41,41,169,169,169,140,173,175,175,21,29,33,37,41,36,19,45,58,16,125,124,0,46,4,29,0,4,36,255,0,255,0,6,229,1,0,0
98,223,98,223,35,223,42,223,42,223,77,223,254,2,0,0,0,0,0,0,86,86,86,86,86,86,86,86,86,22,22,22,22,22,22,22,22,22,22,22,255,94,15,12,47,0,0,64,132,0,48,1,10,4,0,32,0,128,0,16,16,2,17,64,4,0,3,1,0,0,0,0,2,0,32,65,0,0,0,1,64,0,0,0,0,40,255,0,222,53,63,47,175,47,175,12,175,144,144,146,44,48,44,48,29,26,20,20,31,16,29,0,0,46,4,255,0,18,39,255,0,255,0,11,227,3,131,0
98,223,98,223,35,223,77,223,63,223,56,223,48,7,0,0,0,0,0,0,86,86,86,86,86,86,86,86,86,22,22,22,22,22,22,22,22,22,86,22,255,40,19,19,51,2,0,32,132,0,48,32,10,1,0,32,0,128,0,48,16,2,16,64,0,0,0,1,0,0,0,0,2,0,0,9,0,8,0,1,64,0,0,0,0,15,255,0,222,63,97,51,179,179,179,179,179,179,179,179,63,67,71,75,79,83,87,91,95,0,125,60,0,56,8,135,0,23,84,255,0,255,0,18,255,1,0,0
98,223,98,223,35,223,28,223,84,223,42,223,56,0,0,0,0,0,0,0,86,86,86,86,86,86,86,86,86,22,22,22,22,22,22,22,22,22,22,22,255,78,3,5,35,2,0,0,132,16,48,0,10,1,0,32,0,128,0,16,17,3,20,64,0,0,2,1,0,0,8,0,0,0,1,0,0,16,0,1,0,0,0,0,0,8,255,0,222,63,97,35,163,37,35,4,165,165,140,177,105,109,35,105,103,99,103,77,38,0,97,3,0,56,3,56,0,16,130,255,0,255,0,41,7,1,131,0
98,223,98,223,98,223,84,223,42,223,28,223,124,8,0,0,0,0,0,0,22,86,86,86,86,86,86,86,86,22,22,22,22,22,22,22,86,22,22,22,255,190,0,97,0,0,0,0,132,0,48,32,10,1,0,32,0,0,0,16,16,3,16,64,0,0,2,33,0,0,0,0,0,0,32,64,0,8,0,1,64,0,0,0,0,0,255,102,222,63,97,35,169,169,169,169,8,169,144,177,48,2,6,10,15,91,50,35,62,0,1,54,0,56,0,255,0,8,32,255,0,255,0,23,255,1,131,0
98,223,98,223,98,223,98,223,35,223,28,223,0,10,0,0,0,0,0,0,86,86,86,86,86,86,86,86,86,22,22,22,22,22,22,22,22,22,22,22,255,230,17,0,49,0,0,4,132,0,48,0,10,1,0,32,0,128,0,16,16,3,16,64,0,0,2,1,0,0,8,0,66,0,32,65,0,24,0,1,64,0,0,0,0,0,255,0,222,53,63,49,177,177,49,177,177,177,177,146,45,49,53,13,17,21,25,29,18,32,41,124,0,46,7,52,0,0,16,255,0,255,0,0,255,0,67,0
98,223,98,223,35,223,49,223,28,223,63,223,252,3,0,0,0,0,0,0,86,86,86,86,86,86,86,86,86,22,22,22,22,22,22,22,22,22,22,22,255,46,10,97,10,0,0,32,132,0,48,160,10,1,0,32,0,128,0,24,16,3,16,64,0,0,2,1,0,0,8,0,66,0,32,65,0,8,0,1,64,0,0,0,0,0,255,0,222,63,97,10,138,171,171,171,171,140,140,140,7,3,0,4,8,12,9,5,1,16,1,0,0,56,8,160,0,19,5,255,0,255,0,18,255,64,131,0
98,223,98,223,35,223,91,223,63,223,70,223,124,9,0,0,0,0,0,0,86,86,86,86,86,86,86,86,86,22,22,22,22,22,22,22,22,22,22,22,255,46,17,0,49,2,64,16,132,0,48,0,10,1,0,32,0,128,0,16,16,3,16,64,0,0,2,1,0,0,40,0,0,0,32,0,0,16,0,1,64,0,0,0,0,0,255,0,222,53,63,49,177,177,177,177,177,177,177,179,14,18,22,26,30,34,38,42,68,0,71,15,0,46,7,15,0,25,86,255,0,255,0,20,255,224,131,0
98,223,98,223,35,223,42,223,49,223,35,223,254,2,0,0,0,0,0,0,86,86,86,86,86,86,86,86,86,22,22,22,22,22,22,22,22,22,22,22,255,126,9,9,41,8,0,32,132,0,48,32,10,1,0,32,0,128,0,48,16,2,16,65,0,0,2,1,0,0,8,1,66,4,32,65,0,24,0,1,64,0,0,0,0,3,255,0,222,63,97,41,169,169,41,41,169,169,138,179,15,19,23,47,7,11,15,14,71,16,1,0,9,56,6,40,0,18,49,255,0,255,0,14,163,1,131,0
98,223,98,223,98,223,70,223,28,223,77,223,124,6,0,0,0,0,0,0,86,86,86,86,86,86,86,86,86,22,22,22,22,22,22,22,22,22,22,22,255,134,10,10,10,0,64,0,132,0,48,0,10,1,0,32,0,128,0,16,16,3,16,64,0,0,2,1,0,0,8,0,64,0,33,64,0,16,0,0,64,0,0,0,0,58,255,0,222,63,97,10,138,138,138,138,138,43,142,179,101,97,93,89,85,81,86,121,68,16,125,124,0,56,6,255,0,6,7,255,0,255,0,87,166,3,0,0
98,223,98,223,35,223,56,223,84,223,70,223,12,4,0,0,0,0,0,0,86,86,86,22,86,86,86,86,86,22,22,22,22,22,22,86,22,22,22,22,255,6,0,0,4,2,0,0,132,2,48,34,10,1,0,32,2,128,0,16,16,2,20,64,0,0,2,1,0,0,8,0,0,0,32,1,0,16,0,1,64,0,0,0,0,0,255,0,222,37,63,12,140,140,14,142,175,175,175,177,44,40,36,38,34,33,37,41,59,0,95,79,11,46,7,54,0,20,134,255,0,255,0,9,255,3,131,0
98,223,98,223,98,223,84,223,49,223,91,223,124,8,0,0,0,0,0,0,86,86,86,86,86,86,86,86,86,22,22,22,22,22,22,22,22,22,22,22,255,14,0,0,39,0,0,160,132,0,48,4,10,1,0,32,0,128,32,16,16,3,48,64,0,0,34,1,0,0,0,0,2,0,32,0,0,16,0,0,64,0,0,0,0,0,255,0,222,53,63,39,41,41,171,173,142,142,142,142,50,122,124,124,121,121,114,106,97,16,1,0,9,46,0,32,0,8,57,255,0,255,0,70,227,1,131,0
98,223,98,223,98,223,42,223,91,223,70,223,254,2,0,0,0,0,0,0,86,86,86,86,86,86,86,86,86,22,22,22,22,22,22,22,22,22,22,22,9,94,8,97,8,2,0,32,132,0,48,34,10,17,0,32,0,128,0,16,16,3,16,64,0,0,2,1,0,4,0,0,2,0,32,64,0,24,0,1,64,0,0,0,0,0,255,0,222,63,97,8,136,136,41,169,169,169,169,179,19,15,11,28,32,36,40,44,60,0,125,124,0,56,7,29,0,2,150,255,0,255,0,110,69,3,0,0
98,223,98,223,98,223,98,223,49,223,28,223,0,10,0,0,0,0,0,0,86,86,86,86,86,86,86,86,86,22,22,22,22,22,22,22,22,22,22,22,255,238,5,97,37,0,0,0,132,0,48,24,10,1,0,32,1,128,0,16,16,3,16,64,0,0,2,1,0,0,8,0,66,0,32,64,0,24,0,0,64,0,0,0,0,0,255,0,222,63,97,37,165,165,37,134,167,142,144,144,98,102,106,114,115,112,94,25,10,32,1,0,17,56,5,29,0,0,48,255,0,255,0,81,165,3,0,0
98,223,98,223,98,223,35,223,63,223,63,223,126,1,0,0,0,0,0,0,86,86,86,22,86,86,86,86,86,22,22,22,22,22,22,22,86,22,22,22,10,102,0,0,0,0,0,0,132,0,48,0,10,1,0,32,0,128,0,16,16,3,16,64,1,0,2,1,0,0,8,0,66,0,32,64,0,24,0,0,64,0,0,0,0,0,255,102,222,53,63,41,138,138,138,138,138,41,138,177,122,123,119,115,111,68,50,27,54,32,77,55,0,46,6,19,0,1,85,255,0,255,0,29,255,3,131,0
98,223,98,223,98,223,42,223,63,223,49,223,254,2,0,0,0,0,0,0,86,86,86,86,86,86,86,86,86,22,22,22,22,22,22,22,22,22,22,22,255,254,17,97,49,0,0,0,132,0,48,0,10,1,0,32,0,0,0,16,16,3,16,64,0,0,2,33,0,0,8,0,2,0,32,64,0,24,0,1,64,0,0,0,0,0,255,0,222,63,97,49,177,177,177,177,177,177,177,146,30,34,38,42,46,50,54,58,59,0,61,0,0,56,8,255,0,2,83,255,0,255,0,19,255,1,131,0
98,223,98,223,98,223,35,223,84,223,63,223,126,1,0,0,0,0,0,0,86,86,86,86,86,86,86,86,86,22,22,22,22,22,22,22,22,22,22,22,255,246,3,3,35,8,0,0,132,0,48,32,10,33,0,32,0,128,0,16,16,3,16,64,0,0,2,1,0,0,8,0,0,0,32,65,0,24,0,1,64,0,0,0,0,13,255,0,222,53,63,35,163,33,161,130,130,47,16,179,55,59,109,113,116,112,53,73,55,16,1,0,0,46,5,11,0,1,133,255,0,255,0,39,6,1,0,0
98,223,98,223,98,223,98,223,28,223,28,223,0,10,0,0,0,0,0,0,86,86,86,86,86,86,86,86,86,22,22,22,22,22,22,22,22,22,22,22,19,110,19,97,51,0,0,0,132,0,48,0,10,1,0,32,0,128,0,16,16,3,16,64,0,0,2,1,0,0,8,0,66,0,32,65,0,24,0,1,64,0,0,0,0,0,255,0,222,63,97,51,179,179,179,179,179,179,179,179,28,32,36,40,44,48,52,56,60,32,0,0,0,56,8,0,0,0,0,255,0,255,0,0,255,0,131,0
98,223,98,223,42,223,49,223,84,223,84,223,252,3,0,0,0,0,0,0,22,22,22,22,22,22,86,86,86,22,22,22,22,22,22,22,86,22,22,22,255,198,0,0,0,2,0,0,132,2,48,0,10,1,0,32,0,128,0,16,16,2,16,64,0,0,2,1,0,0,40,0,0,0,32,64,0,16,0,0,64,0,0,0,0,0,255,102,222,53,63,47,175,175,175,14,142,45,16,49,40,44,48,52,83,6,50,32,3,1,122,107,0,46,6,48,0,35,136,255,127,255,0,31,255,3,130,0
98,223,98,223,35,223,63,223,28,223,42,223,252,5,0,0,0,0,0,0,86,86,86,86,86,86,86,86,86,22,22,22,22,22,22,22,22,22,22,22,1,54,1,2,2,0,0,32,132,0,48,160,10,1,0,32,0,128,0,48,16,3,16,64,0,0,0,1,0,0,8,0,0,0,0,9,0,8,0,1,64,0,0,0,0,40,255,0,222,63,97,33,33,161,161,161,161,165,179,179,28,4,8,12,16,20,6,8,21,16,14,96,0,56,5,44,0,21,2,255,0,255,0,69,4,1,67,0
98,223,98,223,98,223,98,223,28,223,28,223,0,10,0,0,0,0,0,0,86,86,86,86,86,86,86,86,86,22,22,22,22,22,22,22,22,22,22,22,19,150,18,97,18,0,0,0,132,0,48,0,10,1,0,32,0,128,0,16,16,3,16,64,0,0,2,1,0,0,8,0,66,0,32,65,0,24,0,1,64,0,0,0,0,0,255,0,222,63,97,18,146,179,179,179,179,179,179,179,6,2,1,5,9,13,17,21,25,32,32,28,0,56,8,40,0,0,0,255,0,255,0,0,255,0,131,0
98,223,98,223,35,223,63,223,91,223,35,223,252,5,0,0,0,0,0,0,86,86,86,22,86,86,86,86,86,22,22,22,22,22,22,22,86,22,22,22,19,166,0,0,0,0,0,0,132,0,48,0,10,1,0,32,0,128,0,16,16,3,16,64,0,0,2,1,0,0,8,0,2,0,32,64,0,24,0,1,64,0,0,0,0,0,255,102,222,53,63,51,179,179,179,179,179,179,179,179,16,20,24,28,32,37,8,18,46,16,125,124,0,46,8,7,0,21,145,255,0,255,0,32,255,3,0,0
98,223,98,223,98,223,49,223,84,223,42,223,252,3,0,0,0,0,0,0,86,86,86,86,86,86,86,86,86,22,22,22,22,22,22,22,22,22,22,22,255,38,13,13,45,128,0,0,132,0,49,32,10,1,0,32,1,0,0,16,16,2,16,64,0,0,2,1,0,0,8,0,0,0,32,0,0,24,0,0,64,0,0,0,0,17,255,0,222,63,97,45,173,173,173,173,173,142,142,142,71,75,79,83,87,91,90,86,62,0,125,124,19,56,7,29,0,3,130,255,0,255,0,32,166,1,67,0
98,223,98,223,35,223,49,223,56,223,35,223,252,3,0,0,0,0,0,0,86,86,86,86,86,86,86,86,86,22,22,22,22,22,22,22,22,22,22,22,255,110,0,1,33,32,0,8,132,0,48,0,10,3,0,32,0,0,32,16,16,3,16,64,0,0,2,1,64,0,8,0,2,0,1,65,0,24,0,1,64,0,0,0,0,6,255,0,222,63,97,33,33,4,165,165,136,136,136,179,27,27,123,102,102,114,110,110,79,16,125,124,6,56,1,58,0,19,65,255,0,255,0,117,7,96,0,0
98,223,98,223,98,223,98,223,42,223,35,223,0,10,0,0,0,0,0,0,86,86,86,86,86,86,86,86,86,22,22,22,22,22,22,22,22,22,22,22,255,254,13,14,14,2,0,0,132,0,48,0,10,1,0,32,0,128,0,16,16,3,16,64,0,0,2,1,0,0,0,0,2,0,32,65,0,24,0,1,64,0,0,0,0,60,255,0,222,63,97,14,45,45,173,173,173,173,177,179,109,68,76,80,84,88,92,19,70,32,1,0,0,56,6,255,0,0,33,255,0,255,0,107,65,1,131,0
98,223,98,223,98,223,98,223,70,223,70,223,0,10,0,0,0,0,0,0,22,86,86,86,86,86,86,86,86,22,22,22,22,22,22,22,86,22,22,22,13,198,0,97,0,0,0,0,132,0,48,0,10,1,0,32,0,128,0,16,16,2,16,64,0,0,2,1,0,0,8,0,66,0,32,65,0,24,0,1,64,0,0,0,0,0,255,102,222,63,97,45,173,173,173,173,142,142,142,142,108,112,116,120,124,99,50,27,62,32,91,34,0,56,8,54,0,0,102,255,0,255,0,30,255,1,131,0
98,223,98,223,63,223,28,223,84,223,70,223,56,0,0,0,0,0,0,0,86,86,86,86,86,86,86,86,86,22,22,22,22,22,22,22,22,22,22,22,17,182,17,0,49,0,0,0,132,0,48,0,10,1,0,32,0,0,32,17,16,2,48,68,0,4,2,1,0,0,8,0,0,0,0,64,0,0,0,0,64,128,0,0,0,0,255,0,222,53,63,49,177,177,177,177,146,146,146,18,42,46,50,54,58,59,55,51,19,2,125,28,0,46,8,255,0,80,134,255,127,255,0,120,255,0,131,0
98,223,98,223,35,223,42,223,56,223,35,223,254,2,0,0,0,0,0,0,22,86,86,86,86,86,86,86,86,22,22,22,22,22,22,22,86,22,22,22,255,206,0,97,0,2,0,0,132,0,48,0,10,1,0,32,0,128,0,16,16,2,16,64,0,0,2,1,0,0,8,0,2,0,32,1,0,24,0,1,64,0,0,0,0,0,255,102,222,63,97,0,0,128,128,128,128,128,128,179,7,79,75,71,67,45,33,12,15,32,98,79,0,56,7,58,0,18,65,255,0,255,0,26,255,112,131,0
98,223,98,223,35,223,70,223,42,223,35,223,124,6,0,0,0,0,0,0,86,86,86,86,86,86,86,86,86,22,22,22,22,22,22,22,22,22,22,22,255,62,6,97,4,0,64,4,132,0,48,0,10,33,0,48,0,128,0,16,17,3,16,64,1,0,2,1,0,0,0,0,2,160,32,1,0,24,0,0,64,0,0,0,0,0,255,0,222,63,97,4,6,134,134,134,37,14,146,179,70,24,20,16,2,52,39,34,68,16,83,124,5,56,3,11,0,22,33,255,0,255,0,59,65,208,67,0
98,223,98,223,98,223,98,223,35,223,35,223,0,10,0,0,0,0,0,0,86,86,86,86,86,86,86,86,86,22,22,22,22,22,22,22,22,22,22,22,255,174,14,0,14,0,0,0,132,32,48,0,10,1,0,32,0,0,0,16,16,3,16,64,0,0,2,1,0,0,8,0,66,0,32,65,0,24,0,1,64,0,0,0,0,0,255,0,222,53,63,14,142,45,173,173,173,142,142,146,39,35,110,114,118,122,123,119,42,32,125,31,0,46,7,7,0,0,17,255,0,255,0,31,229,3,131,0
98,223,98,223,98,223,35,223,28,223,35,223,126,1,0,0,0,0,0,0,86,86,86,86,86,86,86,86,86,22,22,22,22,22,22,22,22,22,22,22,16,54,16,0,16,0,0,0,132,0,48,0,10,1,0,32,0,0,0,16,16,3,16,64,0,0,2,1,0,0,8,0,66,0,32,65,0,24,0,1,64,0,0,0,0,0,255,0,222,53,63,16,144,144,144,144,144,177,177,177,20,16,12,8,4,0,3,7,33,32,1,0,0,46,7,255,0,1,1,255,0,255,0,0,255,0,0,0
98,223,98,223,98,223,77,223,49,223,42,223,48,7,0,0,0,0,0,0,86,86,86,22,86,86,86,86,86,22,22,22,22,22,22,22,86,22,22,22,255,158,0,0,0,0,0,0,132,0,48,2,10,1,0,32,0,0,0,16,16,3,16,64,0,0,2,1,0,0,8,0,2,0,32,65,0,24,0,1,64,0,0,0,0,0,255,102,222,53,63,45,173,173,173,173,173,39,144,177,87,91,95,99,103,30,50,34,40,32,55,124,0,46,6,7,0,7,50,255,0,255,0,32,255,3,67,0
98,223,98,223,35,223,42,223,56,223,49,223,254,2,0,0,0,0,0,0,86,86,86,86,86,86,86,86,86,22,22,22,22,22,22,22,22,22,22,22,19,70,19,97,51,0,0,0,132,32,48,0,10,1,0,32,0,1,0,16,16,2,16,64,0,0,2,33,0,0,8,0,2,0,0,64,0,24,0,1,64,0,0,0,0,0,255,0,222,63,97,51,179,179,179,179,179,179,179,179,38,42,46,50,54,58,62,66,70,0,104,15,0,56,8,13,0,18,67,255,0,255,0,116,68,3,131,0
98,223,98,223,98,223,98,223,28,223,28,223,0,10,0,0,0,0,0,0,86,86,86,86,86,86,86,86,86,22,22,22,22,22,22,22,22,22,22,22,14,254,14,14,14,0,0,0,132,0,48,0,10,1,0,32,0,128,0,16,16,3,16,64,0,0,2,1,0,0,8,0,2,0,32,65,0,24,0,1,64,0,0,0,0,60,255,0,222,53,63,14,142,142,142,142,142,142,142,142,109,105,101,97,93,89,85,81,77,32,125,124,14,46,8,27,0,0,0,255,0,255,0,93,69,1,67,0
98,223,98,223,98,223,35,223,28,223,35,223,126,1,0,0,0,0,0,0,86,86,86,86,86,86,86,86,86,22,22,22,22,22,22,22,22,22,22,22,255,118,12,97,12,0,0,0,132,0,48,0,10,1,0,32,0,128,0,16,16,3,16,64,0,0,2,1,0,0,8,0,66,0,32,0,0,16,0,0,64,0,0,0,0,0,255,0,222,63,97,12,140,140,140,140,140,140,173,177,88,84,80,76,72,68,64,67,31,32,64,96,8,56,7,7,0,1,1,255,0,255,0,57,226,3,67,0
98,223,98,223,98,223,77,223,63,223,28,223,48,7,0,0,0,0,0,0,86,86,86,22,86,86,86,86,86,22,22,22,22,22,22,22,86,22,22,22,255,54,0,0,0,0,0,0,132,0,48,0,10,1,0,32,128,128,0,16,16,3,16,64,0,0,2,1,0,0,8,0,2,0,32,65,0,24,0,1,64,0,0,0,0,0,255,102,222,53,63,12,140,41,169,169,169,142,177,179,95,91,32,36,40,83,50,21,25,16,97,84,0,46,5,135,0,7,80,255,0,255,0,32,255,1,130,0
98,223,98,223,98,223,35,223,84,223,70,223,126,1,0,0,0,0,0,0,86,86,86,86,86,86,86,86,86,22,22,22,22,22,22,22,22,22,22,22,255,126,10,0,10,2,0,0,132,0,48,32,10,1,0,32,0,128,0,24,16,3,16,64,0,0,0,1,0,0,0,0,2,0,32,65,0,24,0,1,64,0,0,0,0,0,255,0,222,53,63,10,138,10,138,138,138,138,171,142,47,43,19,15,11,7,3,0,2,16,19,0,0,46,7,255,0,1,134,255,0,255,0,102,69,3,131,0
98,223,98,223,98,223,98,223,35,223,28,223,0,10,0,0,0,0,0,0,86,86,86,86,86,86,86,86,86,22,22,22,22,22,22,22,22,22,22,22,16,14,16,16,49,2,0,0,132,0,48,0,10,1,0,32,0,128,0,16,16,3,16,64,0,0,2,1,0,0,8,0,66,0,32,65,0,24,0,1,64,0,0,0,0,48,255,0,222,63,97,49,16,144,144,144,144,144,144,179,10,61,57,53,49,45,41,37,70,32,1,0,0,56,7,15,0,0,16,255,0,255,0,0,255,0,131,0
98,223,98,223,35,223,84,223,49,223,42,223,124,8,0,0,0,0,0,0,22,22,22,22,22,22,22,86,86,22,22,22,22,22,22,22,22,22,22,22,255,118,10,0,10,2,0,4,132,32,48,0,10,1,0,32,0,128,32,16,16,2,20,64,0,0,34,1,0,0,40,0,2,0,32,96,0,24,0,0,64,0,0,0,0,0,255,0,222,53,63,10,10,138,138,138,138,171,43,51,115,107,103,99,95,91,88,86,74,17,25,24,0,46,6,29,0,24,50,255,127,255,0,79,6,1,0,0
98,223,98,223,98,223,84,223,35,223,49,223,124,8,0,0,0,0,0,0,86,86,86,86,86,86,86,86,86,22,22,22,22,22,22,22,22,22,22,22,255,206,5,4,37,0,0,130,132,64,48,0,10,1,0,32,32,0,0,48,16,3,16,96,0,0,2,33,0,0,0,0,2,0,32,0,0,16,0,0,64,0,0,0,0,35,255,0,222,53,63,37,165,165,134,134,134,4,132,142,74,78,82,83,79,75,9,5,58,0,125,124,0,46,7,40,0,8,19,255,0,255,0,57,227,3,0,0
98,223,98,223,98,223,63,223,28,223,42,223,252,5,0,0,0,0,0,0,86,86,86,86,86,86,86,86,86,22,22,22,22,22,22,22,22,22,22,22,255,94,5,0,37,0,0,32,132,0,48,0,10,1,0,32,32,4,0,16,16,2,16,64,0,0,2,1,0,0,8,0,66,2,32,1,0,8,0,0,64,0,0,0,0,0,255,0,222,53,63,37,165,165,165,37,37,165,173,142,64,68,72,76,44,46,47,38,66,16,32,31,0,46,4,40,0,5,2,255,0,255,0,11,225,3,131,0
98,223,98,223,42,223,77,223,35,223,49,223,48,7,0,0,0,0,0,0,86,86,86,86,86,86,86,86,86,22,22,22,22,22,22,22,22,22,22,22,255,6,1,0,33,0,0,32,132,0,48,0,10,1,64,32,0,0,0,16,16,2,16,64,0,0,2,1,0,0,32,0,2,6,32,64,0,24,0,0,64,0,0,0,0,37,255,0,222,63,97,33,33,161,0,165,165,165,173,179,38,46,50,17,31,38,43,41,14,0,29,28,0,56,3,7,0,39,19,255,0,255,0,30,164,1,0,0
98,223,98,223,35,223,56,223,63,223,56,223,12,4,0,0,0,0,0,0,22,86,86,86,86,86,86,86,86,22,22,22,22,22,22,22,86,22,22,22,255,198,0,0,0,2,0,0,132,32,48,32,10,1,64,32,5,0,0,16,16,3,16,64,0,20,2,33,0,0,0,0,2,0,0,0,0,24,0,1,0,0,0,0,0,0,255,102,222,61,97,6,6,134,8,169,169,169,169,177,3,71,67,25,26,38,50,34,40,0,122,114,0,54,2,56,0,20,84,255,0,255,0,17,255,1,129,0
98,223,98,223,98,223,98,223,77,223,28,223,0,10,0,0,0,0,0,0,86,86,86,22,86,86,86,86,86,22,22,22,22,22,22,22,86,22,22,22,255,158,0,0,0,2,0,0,132,0,48,0,10,1,0,32,0,128,0,16,16,3,16,64,0,0,2,1,0,0,8,0,2,0,32,65,0,24,0,1,64,0,0,0,0,0,255,102,222,53,63,45,12,140,140,140,173,173,173,179,121,78,74,70,66,91,50,25,27,32,98,82,0,46,7,15,0,0,112,255,0,255,0,22,255,3,131,0
98,223,98,223,98,223,42,223,42,223,42,223,254,2,0,0,0,0,0,0,86,86,86,22,86,86,86,86,86,22,22,22,22,22,22,22,86,22,22,22,14,110,0,0,0,0,0,16,132,2,48,0,10,1,0,32,1,0,0,16,16,3,16,64,0,0,2,1,0,32,0,0,0,0,32,65,0,24,0,1,64,0,0,0,0,0,255,102,222,53,63,14,142,142,142,142,142,142,175,175,59,55,51,47,43,13,46,16,7,16,125,85,0,46,8,29,0,2,34,255,0,255,0,22,255,1,131,0
98,223,98,223,35,223,91,223,35,223,63,223,124,9,0,0,0,0,0,0,86,86,86,86,86,86,86,86,86,22,22,22,22,22,22,22,22,22,22,22,255,102,3,97,35,4,0,0,132,0,48,0,10,1,0,0,0,128,0,16,48,2,16,64,0,0,2,1,0,0,0,32,2,0,32,0,0,152,0,0,64,0,0,0,0,0,255,0,222,63,97,35,163,163,163,163,163,2,41,179,96,100,104,108,112,116,95,12,25,16,29,96,0,56,6,7,0,25,21,255,0,255,0,108,64,3,67,0
98,223,98,223,98,223,98,223,28,223,35,223,0,10,0,0,0,0,0,0,86,86,86,86,86,86,86,86,86,22,22,22,22,22,22,22,22,22,22,22,19,110,19,97,51,0,0,0,132,0,48,0,10,1,0,32,0,0,0,16,16,3,16,64,0,0,2,1,0,0,8,0,66,0,32,65,0,24,0,1,64,0,0,0,0,0,255,0,222,63,97,51,179,179,179,179,179,179,179,179,28,32,36,40,44,48,52,56,60,32,61,60,19,56,8,255,0,0,1,255,0,255,0,0,255,0,0,0
98,223,98,223,98,223,35,223,42,223,35,223,126,1,0,0,0,0,0,0,86,86,86,86,86,86,86,86,86,22,22,22,22,22,22,22,22,22,22,22,255,14,14,97,49,0,0,0,132,32,48,0,138,33,0,32,0,0,0,16,16,3,16,64,0,0,2,1,0,0,8,0,66,0,32,65,0,24,0,1,64,0,0,0,0,0,255,0,222,63,97,49,47,14,142,142,142,177,146,146,10,32,71,67,63,59,59,47,35,32,19,0,2,56,5,46,0,1,33,255,0,255,0,0,255,0,131,0
98,223,98,223,98,223,56,223,35,223,56,223,12,4,0,0,0,0,0,0,86,86,86,86,86,86,86,86,86,22,22,22,22,22,22,22,22,22,22,22,255,174,0,0,0,0,0,0,132,0,48,0,10,129,0,32,32,128,0,16,16,2,16,64,16,0,2,1,0,0,0,32,0,0,32,65,0,24,0,1,64,0,0,0,0,53,255,0,222,63,97,0,0,128,128,128,128,167,167,171,81,73,69,65,61,57,20,26,82,16,125,124,0,56,5,34,0,4,20,255,0,255,0,54,7,3,67,0
98,223,98,223,42,223,56,223,28,223,84,223,12,4,0,0,0,0,0,0,86,86,86,86,86,86,86,86,86,22,22,22,22,22,22,22,22,22,22,22,255,198,10,9,10,32,0,32,132,0,48,128,42,0,64,32,0,0,0,17,16,2,16,64,0,0,2,1,0,0,8,0,2,0,0,1,0,24,0,0,64,0,0,0,0,1,255,0,222,63,97,10,138,6,41,45,144,177,177,179,18,14,6,7,47,62,15,29,79,16,125,124,17,56,3,52,0,36,8,255,0,255,0,25,2,1,67,0
98,223,98,223,98,223,35,223,28,223,28,223,126,1,0,0,0,0,0,0,86,86,86,86,86,86,86,86,86,22,22,22,22,22,22,22,22,22,22,22,255,142,14,97,14,0,0,2,132,64,48,0,10,1,0,32,0,128,0,16,16,3,16,64,0,0,2,1,0,0,8,0,2,0,32,65,0,24,0,1,64,0,0,0,0,0,255,0,222,63,97,14,142,142,14,142,142,142,142,146,110,106,102,110,106,102,98,94,11,16,1,0,14,56,7,60,0,1,0,255,0,255,0,80,5,3,0,0
98,223,98,223,35,223,56,223,35,223,28,223,12,4,0,0,0,0,0,0,86,86,86,86,86,86,86,86,86,22,22,22,22,22,22,22,22,22,22,22,255,150,16,16,16,2,0,0,132,0,48,0,10,1,0,32,0,128,0,16,16,3,16,64,0,0,34,1,0,0,40,0,2,0,32,64,0,16,0,1,64,0,0,0,0,41,255,0,222,53,63,16,144,144,144,144,144,144,144,177,33,29,25,21,17,13,9,5,32,16,1,0,0,46,7,15,0,20,16,255,0,255,0,96,66,3,0,0
98,223,98,223,98,223,98,223,35,223,28,223,0,10,0,0,0,0,0,0,86,86,86,86,86,86,86,86,86,22,22,22,22,22,22,22,22,22,22,22,16,14,16,16,49,2,0,0,132,0,48,0,10,1,0,32,0,128,0,16,16,3,16,64,0,0,2,1,0,0,8,0,66,0,32,65,0,24,0,1,64,0,0,0,0,48,255,0,222,53,63,49,16,144,144,144,144,144,144,179,10,61,57,53,49,45,41,37,70,32,125,124,11,46,7,29,0,0,16,255,0,255,0,0,255,0,67,0
98,223,98,223,35,223,28,223,49,223,49,223,56,0,0,0,0,0,0,0,86,86,86,22,86,86,86,86,86,22,22,22,22,22,22,22,86,22,22,22,255,190,0,0,0,0,64,32,132,0,48,32,10,1,0,32,0,128,0,48,16,2,16,64,0,0,0,1,0,5,0,0,2,0,32,64,0,16,0,1,64,0,0,0,0,0,255,102,222,53,63,4,132,136,136,136,136,136,136,179,51,47,21,17,14,30,50,24,7,16,95,52,0,46,1,60,0,16,51,255,0,255,0,29,255,3,131,0
98,223,98,223,35,223,35,223,91,223,84,223,126,1,0,0,0,0,0,0,86,86,86,86,86,86,86,86,86,22,22,22,22,22,22,22,22,22,22,22,255,30,10,97,47,0,0,130,132,0,48,1,10,1,0,32,0,128,0,48,16,3,16,64,0,0,2,0,0,0,8,0,2,0,32,64,0,16,0,0,64,0,0,0,0,0,255,0,222,63,97,47,10,10,138,138,138,146,179,179,5,46,38,34,30,26,0,15,31,16,35,124,0,56,5,40,0,17,152,255,0,255,0,44,161,1,67,0
98,223,98,223,42,223,35,223,56,223,91,223,126,1,0,0,0,0,0,0,22,22,22,22,22,86,86,86,86,22,22,22,22,22,22,22,22,22,22,22,255,166,7,3,39,0,0,32,132,0,48,32,10,1,0,32,0,128,0,50,16,2,16,96,0,8,2,1,0,0,8,0,2,0,32,0,0,0,0,0,64,0,0,0,0,4,255,0,222,53,63,39,167,167,167,6,35,8,8,10,112,116,120,124,59,19,58,49,49,1,1,0,0,46,5,255,0,33,73,255,127,255,0,73,166,3,0,0
98,223,98,223,98,223,35,223,70,223,70,223,126,1,0,0,0,0,0,0,86,86,86,86,86,86,86,86,86,22,22,22,22,22,22,22,22,22,22,22,13,198,13,13,45,0,0,0,132,0,48,16,10,1,0,32,0,128,0,16,16,3,18,64,0,0,2,1,0,0,0,0,0,0,0,65,0,24,0,1,0,0,0,0,0,26,255,0,222,63,97,45,173,173,173,173,142,142,142,142,107,111,115,119,123,122,118,114,110,0,41,124,0,56,8,52,0,1,102,255,0,255,0,76,64,3,67,0
98,223,98,223,98,223,56,223,35,223,28,223,12,4,0,0,0,0,0,0,86,86,86,86,86,86,86,86,86,22,22,22,22,22,22,22,22,22,22,22,7,62,7,97,39,0,0,0,132,0,48,0,10,1,0,32,4,128,1,16,16,3,16,64,0,0,2,1,0,0,0,0,2,0,32,65,0,24,0,1,64,0,0,0,0,0,255,0,222,63,97,39,167,167,167,167,167,167,45,142,18,22,26,30,34,38,42,97,93,32,64,96,8,56,6,7,0,4,16,255,0,255,0,118,69,3,67,0
98,223,98,223,35,223,28,223,77,223,42,223,56,0,0,0,0,0,0,0,86,86,86,22,86,86,86,86,86,22,22,22,22,22,22,22,86,22,22,22,255,206,0,0,0,0,0,0,132,0,48,0,10,1,0,32,0,128,0,16,16,2,16,64,1,12,34,1,0,0,40,16,2,0,0,65,0,24,0,1,64,0,0,0,0,0,255,102,222,53,63,0,134,8,169,169,169,169,169,171,43,42,26,29,35,46,50,26,44,32,91,67,0,46,0,54,0,16,114,255,0,255,0,24,255,3,131,0
98,223,98,223,35,223,63,223,49,223,35,223,252,5,0,0,0,0,0,0,86,86,86,86,86,86,86,86,86,22,22,22,22,22,22,22,22,22,22,22,255,230,14,13,14,0,0,34,132,0,48,20,10,1,0,32,0,128,0,16,16,3,16,64,4,0,2,1,0,0,0,0,2,0,32,64,0,24,0,0,64,0,0,0,0,29,255,0,222,53,63,14,142,45,142,45,173,144,179,179,46,42,123,122,119,123,29,0,16,16,52,0,0,46,5,7,0,21,49,255,0,255,0,104,2,3,131,0
98,223,98,223,35,223,77,223,42,223,77,223,48,7,0,0,0,0,0,0,86,86,86,86,86,86,86,86,86,22,22,22,22,22,22,22,22,22,22,22,255,102,1,97,2,0,0,2,132,0,48,32,10,1,0,32,0,0,0,48,16,3,16,64,0,0,2,1,0,0,0,52,128,0,32,65,0,24,0,0,68,0,0,0,0,0,255,0,222,63,97,2,33,33,161,134,134,134,6,169,92,85,77,81,35,32,29,4,3,0,125,124,12,56,3,46,0,23,39,255,0,255,0,74,64,3,0,0
98,223,98,223,35,223,35,223,49,223,28,223,126,1,0,0,0,0,0,0,86,86,86,86,86,86,86,86,86,22,22,22,22,22,22,22,22,22,22,22,255,30,0,97,0,0,0,0,132,8,48,0,10,0,0,32,0,0,0,48,16,2,16,64,0,0,2,1,0,0,0,1,2,0,32,97,0,0,0,0,64,0,0,0,0,0,255,0,222,63,97,0,0,37,6,6,134,169,140,146,103,67,70,57,51,27,50,1,58,16,1,0,17,56,1,60,0,17,48,255,0,255,0,50,255,0,131,0
98,223,98,223,35,223,42,223,56,223,84,223,254,2,0,0,0,0,0,0,86,86,86,22,86,86,86,86,86,22,22,22,22,22,22,86,22,22,22,22,255,86,0,0,4,128,0,1,132,0,48,2,10,0,0,32,0,128,1,16,17,2,17,64,0,0,2,1,0,0,8,1,2,0,32,0,0,24,0,1,104,0,0,0,0,0,255,0,222,37,63,41,6,37,165,6,6,47,47,179,0,41,24,28,30,30,6,35,71,0,40,60,9,46,3,255,0,18,72,255,0,255,0,26,255,3,67,0
98,223,98,223,35,223,42,223,84,223,84,223,254,2,0,0,0,0,0,0,86,86,86,86,86,86,86,86,86,22,22,22,22,22,22,22,22,22,22,22,255,62,8,0,8,0,0,0,132,2,48,16,10,0,0,32,32,128,0,176,16,2,16,64,0,32,34,1,0,0,8,0,2,0,32,64,0,24,0,0,64,0,0,0,0,0,255,0,222,53,63,8,136,8,136,136,169,140,140,175,22,18,10,6,2,1,35,1,9,0,73,124,0,46,5,50,0,18,136,255,0,255,0,82,65,3,0,0
98,223,98,223,98,223,35,223,91,223,77,223,126,1,0,0,0,0,0,0,86,86,86,22,86,86,86,86,86,22,22,22,22,22,22,86,22,22,22,22,255,110,0,0,4,128,0,0,132,0,48,0,10,1,0,32,0,0,0,16,16,2,16,64,0,0,2,1,0,64,8,0,2,0,32,65,0,24,0,0,64,0,0,0,0,0,255,0,222,37,63,18,146,146,16,177,177,177,177,179,11,7,3,81,82,86,90,94,80,16,61,124,0,46,7,7,0,1,151,255,0,255,0,23,255,3,0,0
98,223,98,223,98,223,42,223,42,223,42,223,254,2,0,0,0,0,0,0,86,86,86,86,86,86,86,86,86,22,22,22,22,22,22,22,22,22,22,22,255,238,3,4,35,0,0,0,132,0,48,32,10,1,0,32,0,128,0,16,16,2,16,64,0,2,2,1,0,0,8,0,66,0,32,65,0,24,0,0,64,0,0,0,0,39,255,0,222,63,97,35,163,4,2,130,169,144,177,177,20,24,25,39,35,48,4,19,30,32,125,124,8,56,4,48,0,2,34,255,0,255,0,72,225,1,0,0
98,223,98,223,98,223,49,223,49,223,35,223,252,3,0,0,0,0,0,0,86,86,86,86,86,86,86,86,86,22,22,22,22,22,22,22,22,22,22,22,255,22,8,0,8,0,0,0,132,0,48,0,10,1,0,32,0,128,0,16,16,3,16,64,0,0,34,1,0,0,0,0,2,0,32,65,0,24,0,1,64,0,0,0,0,0,255,0,222,53,63,8,136,136,8,8,169,138,138,177,120,116,112,122,122,121,118,97,24,32,125,124,7,46,2,255,0,3,49,255,0,255,0,65,66,1,67,0
98,223,98,223,98,223,98,223,70,223,63,223,0,10,0,0,0,0,0,0,86,86,86,86,86,86,86,86,86,22,22,22,22,22,22,22,22,22,22,22,19,38,19,97,51,0,0,0,132,0,48,0,10,1,0,32,0,128,0,16,16,3,16,64,0,0,2,1,0,0,8,0,2,0,32,65,0,24,0,1,64,0,0,0,0,0,255,0,222,63,97,51,179,179,179,179,179,179,179,179,41,45,49,53,57,61,65,69,73,16,118,105,0,56,8,190,0,0,101,255,0,255,0,30,255,3,67,0
98,223,98,223,35,223,28,223,91,223,77,223,56,0,0,0,0,0,0,0,86,86,86,86,86,86,86,86,86,22,22,22,22,22,22,22,22,22,22,22,1,190,0,97,0,0,0,0,132,2,48,16,10,1,0,32,32,128,0,16,16,2,16,64,0,0,34,1,0,0,8,0,2,0,32,64,0,24,0,0,64,0,0,0,0,0,255,0,222,63,97,0,161,161,161,161,161,138,138,142,3,0,4,8,12,16,121,99,38,16,1,96,0,56,5,135,0,16,151,255,0,255,0,101,69,1,67,0
98,223,98,223,98,223,91,223,56,223,84,223,124,9,0,0,0,0,0,0,86,86,86,22,86,86,86,86,86,22,22,22,22,22,22,22,86,22,22,22,255,14,0,0,0,0,0,0,132,0,48,0,10,0,0,48,0,128,0,16,16,2,16,64,0,0,2,1,0,0,32,0,0,0,32,65,0,24,0,1,64,0,0,0,0,0,255,102,222,53,63,6,134,6,4,6,6,6,6,142,19,15,7,25,76,75,50,3,58,16,29,28,0,46,3,255,0,9,72,255,0,255,0,21,255,1,0,0
98,223,98,223,35,223,49,223,28,223,63,223,252,3,0,0,0,0,0,0,86,86,86,86,86,86,86,86,86,22,22,22,22,22,22,22,22,22,22,22,255,22,4,97,4,160,0,0,133,0,48,0,10,0,0,32,8,0,0,16,16,2,16,64,0,0,2,1,0,0,8,20,2,0,0,0,0,16,0,0,64,0,0,0,0,0,255,0,222,63,97,4,132,132,35,132,35,134,134,179,63,59,55,122,123,118,30,27,66,0,29,96,0,56,5,255,0,19,5,255,0,255,0,42,255,0,67,0
98,223,98,223,98,223,98,223,42,223,28,223,0,10,0,0,0,0,0,0,86,86,86,86,86,86,86,86,86,22,22,22,22,22,22,22,22,22,22,22,255,134,14,15,47,2,0,0,132,0,48,128,10,1,0,32,0,128,0,16,16,3,16,64,0,0,2,1,0,0,8,0,2,0,32,65,0,24,0,1,64,0,0,0,0,14,255,0,222,53,63,47,14,14,142,142,142,142,177,179,59,76,68,64,60,56,52,19,70,32,97,3,0,46,6,15,0,0,32,255,0,255,0,107,4,1,131,0
98,223,98,223,98,223,70,223,63,223,35,223,124,6,0,0,0,0,0,0,86,86,86,22,86,86,86,86,86,22,22,22,22,22,22,22,86,22,22,22,255,62,0,0,0,2,0,0,132,0,48,0,10,1,0,32,0,128,0,16,16,3,16,64,0,0,2,1,0,0,8,0,2,0,32,65,0,24,0,1,64,0,0,0,0,0,255,102,222,53,63,41,4,6,134,39,167,177,177,179,122,121,123,119,112,29,47,0,9,32,79,124,0,46,5,19,0,6,81,255,0,255,0,32,255,3,67,0
98,223,98,223,98,223,91,223,42,223,42,223,124,9,0,0,0,0,0,0,86,86,86,22,86,86,86,86,86,22,22,22,22,22,22,54,22,22,22,22,2,238,0,0,4,0,0,0,132,2,48,0,10,0,0,32,32,128,0,16,16,2,16,64,0,0,2,1,0,0,8,0,0,0,32,65,0,24,0,1,64,0,0,0,0,0,255,0,222,37,63,35,4,2,130,130,130,130,142,146,88,121,71,67,63,59,55,51,50,32,124,124,7,46,6,15,0,9,34,255,0,255,0,7,255,0,67,0
98,223,98,223,98,223,98,223,28,223,28,223,0,10,0,0,0,0,0,0,86,86,86,86,86,86,86,86,86,22,22,22,22,22,22,22,22,22,22,22,13,38,13,0,45,0,0,0,132,0,48,0,10,1,0,32,0,128,0,16,16,3,16,64,0,0,2,1,0,0,8,0,66,0,32,65,0,24,0,1,64,0,0,0,0,0,255,0,222,53,63,45,173,173,173,173,142,142,142,142,105,109,113,117,121,124,120,116,112,32,0,96,0,46,8,0,0,0,0,255,0,255,0,19,228,3,67,0
98,223,98,223,98,223,98,223,28,223,28,223,0,10,0,0,0,0,0,0,86,86,86,86,86,86,86,86,86,22,22,22,22,22,22,22,22,22,22,22,18,190,18,18,18,0,0,0,132,0,48,0,10,1,0,32,0,128,0,16,16,3,16,64,0,0,2,1,0,0,8,0,66,0,32,65,0,24,0,1,64,0,0,0,0,43,255,0,222,53,63,18,146,146,146,146,146,146,146,146,41,37,33,29,25,21,17,13,9,32,125,31,0,46,8,27,0,0,0,255,0,255,0,0,255,0,131,0
98,223,98,223,98,223,98,223,28,223,35,223,0,10,0,0,0,0,0,0,86,86,86,86,86,86,86,86,86,22,22,22,22,22,22,22,22,22,22,22,15,174,14,0,14,0,0,0,132,0,48,0,10,1,0,32,0,0,0,16,16,3,16,64,0,0,2,1,0,0,0,0,2,0,32,65,0,24,0,1,64,0,0,0,0,0,255,0,222,53,63,14,142,175,175,175,175,175,175,175,39,35,32,36,40,44,48,52,56,32,1,93,0,46,8,255,0,0,1,255,0,255,0,107,69,1,67,0
98,223,98,223,98,223,91,223,42,223,35,223,124,9,0,0,0,0,0,0,86,86,86,86,86,86,86,86,86,22,22,22,22,22,22,22,22,22,22,22,255,182,2,1,2,0,0,32,132,0,48,0,10,1,0,32,0,128,0,16,48,3,16,64,0,0,2,1,0,0,8,0,2,0,32,1,0,152,0,0,64,0,0,0,0,16,255,0,222,63,97,2,130,33,161,161,138,175,146,179,106,102,67,71,115,104,73,1,10,32,4,0,17,56,3,44,0,9,33,255,0,255,0,5,4,128,131,0
98,223,98,223,42,223,70,223,42,223,84,223,124,6,0,0,0,0,0,0,86,86,86,86,86,86,86,86,86,22,22,22,22,22,22,22,22,22,22,22,255,62,2,3,35,1,0,36,132,0,48,0,10,3,0,32,32,128,0,16,16,0,16,64,2,2,2,1,0,0,8,0,0,0,32,65,0,20,0,0,64,2,0,0,0,15,255,0,222,53,63,35,2,130,163,163,169,175,175,179,63,92,88,41,43,60,41,70,43,16,29,28,11,46,2,135,0,38,40,255,0,255,0,29,69,192,0,0
98,223,98,223,42,223,42,223,28,223,56,223,254,2,0,0,0,0,0,0,22,22,22,22,22,22,22,22,86,22,22,22,22,22,22,22,22,22,22,22,15,214,15,0,47,8,0,0,132,0,48,0,10,1,0,32,0,128,32,16,16,2,48,64,0,0,2,1,0,0,32,0,0,0,32,64,0,8,0,1,64,0,0,0,0,0,255,0,222,53,63,47,175,175,175,175,144,144,144,14,58,62,66,70,74,75,71,67,84,1,125,124,0,46,8,255,0,34,4,255,127,255,0,29,164,3,0,0
98,223,98,223,42,223,35,223,56,223,77,223,126,1,0,0,0,0,0,0,22,86,86,86,86,86,86,86,86,22,22,22,22,22,22,22,86,22,22,22,255,246,0,97,0,0,0,0,132,0,48,128,10,1,0,32,0,128,0,16,17,2,16,64,0,0,2,1,0,0,40,0,2,0,32,65,0,24,0,1,64,0,0,0,0,0,255,102,222,63,97,0,128,0,167,169,140,142,142,177,60,56,56,123,105,21,46,30,40,32,104,24,0,56,2,58,0,33,71,255,0,255,0,32,255,3,0,0
98,223,98,223,98,223,42,223,84,223,70,223,254,2,0,0,0,0,0,0,86,86,86,86,86,86,86,86,86,22,22,22,22,22,22,22,22,22,22,22,255,22,14,97,14,32,0,0,132,32,48,32,10,3,0,32,0,0,0,16,16,3,16,64,0,0,2,1,0,0,0,0,2,0,0,0,0,8,20,0,64,0,0,0,0,0,255,0,222,63,97,14,142,142,142,142,142,142,142,179,114,110,106,102,98,94,90,86,81,0,97,124,0,56,7,54,0,2,134,255,0,255,0,26,255,3,67,0
98,223,98,223,98,223,42,223,28,223,28,223,254,2,0,0,0,0,0,0,86,86,86,86,86,86,86,86,86,22,22,22,22,22,22,22,22,22,22,22,255,6,14,97,14,0,0,32,132,0,48,34,10,17,0,32,0,128,0,16,16,3,16,64,0,0,2,1,0,0,8,0,2,0,32,65,0,24,0,1,64,0,0,0,0,0,255,0,222,63,97,14,142,142,12,140,140,140,177,179,68,64,60,42,38,34,30,2,3,16,97,96,17,56,6,54,0,2,0,255,0,255,0,21,255,3,0,0
98,223,98,223,98,223,98,223,35,223,28,223,0,10,0,0,0,0,0,0,86,86,86,86,86,86,86,86,86,22,22,22,22,22,22,22,22,22,22,22,12,118,12,0,12,0,0,0,132,0,48,0,10,1,0,32,0,128,32,16,16,3,16,64,0,0,2,1,0,0,8,0,66,0,32,64,0,24,0,0,64,0,0,0,0,0,255,0,222,53,63,12,140,140,140,140,10,138,138,142,92,88,84,80,76,90,86,82,115,32,125,28,0,46,7,0,0,0,16,255,0,255,0,32,164,1,0,0
98,223,98,223,98,223,70,223,35,223,42,223,124,6,0,0,0,0,0,0,86,86,86,86,86,86,86,86,86,22,22,22,22,22,22,22,22,22,22,22,17,182,16,97,16,32,0,32,132,0,48,4,10,1,0,32,0,2,0,16,16,2,16,64,0,0,2,1,0,0,8,32,2,0,32,65,0,24,0,1,64,0,0,0,0,0,255,0,222,63,97,16,144,49,177,177,177,177,177,179,7,3,4,8,12,16,20,42,79,16,1,0,0,56,6,7,0,6,18,255,0,255,0,25,255,1,0,0
98,223,98,223,98,223,98,223,28,223,28,223,0,10,0,0,0,0,0,0,86,86,86,86,86,86,86,86,86,22,22,22,22,22,22,22,22,22,22,22,19,110,19,97,51,0,0,0,132,0,48,0,10,1,0,32,0,128,0,16,16,3,16,64,0,0,2,1,0,0,8,0,66,0,32,65,0,24,0,1,64,0,0,0,0,0,255,0,222,63,97,51,179,179,179,179,179,179,179,179,28,32,36,40,44,48,52,56,60,32,0,60,0,56,8,0,0,0,0,255,0,255,0,0,255,0,0,0
98,223,98,223,98,223,84,223,84,223,84,223,124,8,0,0,0,0,0,0,86,86,86,86,86,86,86,86,86,22,22,22,22,22,22,22,22,22,22,22,255,142,5,97,37,34,0,0,132,4,48,0,10,2,0,32,0,128,0,16,16,2,16,64,1,0,0,1,0,0,8,0,2,0,32,0,0,0,32,0,64,0,0,0,0,0,255,0,222,63,97,37,165,37,165,169,177,177,177,179,66,70,50,54,1,0,0,13,68,0,125,124,17,56,3,58,0,8,136,255,0,255,0,85,163,3,67,0
98,223,98,223,98,223,42,223,56,223,35,223,254,2,0,0,0,0,0,0,86,86,86,86,86,86,86,86,86,22,22,22,22,22,22,22,22,22,22,22,255,254,13,14,14,0,0,0,132,0,48,24,10,1,0,32,4,128,1,16,16,3,16,64,0,0,0,1,0,0,8,0,66,0,32,64,0,24,0,1,64,0,0,0,0,58,255,0,222,53,63,45,45,173,173,173,144,144,177,177,100,100,104,106,114,25,10,16,28,32,101,100,16,46,2,255,0,2,65,255,0,255,0,41,229,11,0,0
98,223,98,223,56,223,77,223,28,223,56,223,48,7,0,0,0,0,0,0,86,86,86,86,86,86,86,86,86,54,22,22,22,22,22,22,22,22,22,22,255,62,1,0,97,2,0,0,132,0,48,32,10,0,0,32,0,128,0,16,16,2,16,64,0,68,2,1,0,16,0,4,4,0,32,65,0,0,0,33,64,0,0,0,0,0,255,0,222,53,63,97,225,225,225,32,97,5,6,6,44,48,52,56,29,92,43,28,24,2,44,124,0,46,6,60,0,71,4,255,127,255,0,23,163,3,67,0
98,223,98,223,98,223,63,223,84,223,77,223,252,5,0,0,0,0,0,0,86,86,86,86,86,86,86,86,86,22,22,22,22,22,22,22,22,22,22,22,18,246,18,97,18,0,0,0,132,0,48,32,10,1,0,32,0,128,0,16,16,3,16,64,0,0,0,1,0,0,8,0,66,0,32,64,0,16,0,0,64,4,0,0,0,0,255,0,222,63,97,18,146,146,146,146,146,146,146,146,59,55,51,47,43,39,35,31,27,16,1,0,17,56,8,9,0,5,135,255,0,255,0,20,255,1,131,0
98,223,98,223,98,223,56,223,56,223,56,223,12,4,0,0,0,0,0,0,86,86,86,86,86,86,86,86,86,22,22,22,22,22,22,22,22,22,22,22,255,94,6,6,6,0,0,32,132,0,48,0,10,1,0,32,0,128,32,16,16,2,48,64,0,0,2,1,0,0,0,32,2,0,32,0,0,24,0,0,64,0,0,0,0,49,255,0,222,53,63,6,134,6,4,39,177,146,179,179,65,61,53,27,10,4,1,11,24,0,1,93,0,46,3,25,0,4,68,255,0,255,0,97,161,3,67,0
98,223,98,223,98,223,42,223,91,223,35,223,254,2,0,0,0,0,0,0,86,86,86,86,86,86,86,86,86,22,22,22,22,22,22,22,22,22,22,22,255,142,13,0,45,0,0,0,132,32,48,0,138,1,0,32,128,0,4,16,16,3,16,64,0,0,2,1,0,0,8,0,66,0,32,64,0,0,0,1,64,0,0,0,0,0,255,0,222,53,63,45,173,173,173,173,173,173,142,142,36,40,44,48,52,56,60,57,53,16,69,31,0,46,8,9,0,2,145,255,0,255,0,16,163,1,131,0
98,223,98,223,35,223,77,223,70,223,42,223,48,7,0,0,0,0,0,0,86,86,86,86,86,86,86,86,86,22,22,22,22,22,22,22,22,22,22,22,255,94,17,97,49,128,0,0,132,0,48,0,10,3,0,32,0,0,0,16,16,3,16,64,0,0,2,1,0,0,0,0,2,0,32,65,0,24,0,1,64,0,0,0,0,0,255,0,222,63,97,49,177,146,146,146,146,146,146,146,94,98,99,95,91,87,83,79,64,0,125,124,14,56,7,29,0,23,98,255,0,255,0,113,66,192,67,0
98,223,98,223,98,223,63,223,91,223,56,223,252,5,0,0,0,0,0,0,86,86,86,86,86,86,86,86,86,22,22,22,22,22,22,22,22,22,22,22,255,230,16,16,16,2,0,0,132,0,48,34,10,1,0,32,0,128,0,16,18,3,16,64,0,0,0,1,0,0,0,0,0,0,32,0,0,16,0,1,64,0,0,0,0,43,255,0,222,63,97,16,144,144,12,173,142,175,177,177,41,37,33,1,2,3,0,0,14,0,64,93,9,56,6,9,0,5,148,255,0,255,0,32,255,1,67,0
98,223,98,223,98,223,84,223,91,223,77,223,124,8,0,0,0,0,0,0,86,86,86,86,86,86,86,86,86,22,22,22,22,22,22,22,22,22,22,22,3,214,3,97,35,0,0,32,132,0,48,0,10,1,0,32,0,128,0,16,16,3,16,64,0,0,2,1,0,0,8,0,2,0,32,64,0,16,0,0,64,0,0,0,0,0,255,0,222,63,97,35,163,163,163,163,163,163,163,163,20,24,28,32,36,40,44,48,52,16,1,96,0,56,8,7,0,8,151,255,0,255,0,81,224,3,0,0
98,223,98,223,98,223,98,223,28,223,28,223,0,10,0,0,0,0,0,0,86,86,86,86,86,86,86,86,86,22,22,22,22,22,22,22,22,22,22,22,15,134,15,15,47,0,0,0,132,0,48,0,10,1,0,32,0,128,0,16,16,3,16,64,0,0,2,1,0,0,8,0,66,0,32,65,0,24,0,1,64,0,0,0,0,14,255,0,222,63,97,47,175,175,175,175,144,144,144,144,59,63,67,71,75,74,70,66,62,32,70,93,11,56,8,9,0,0,0,255,0,255,0,14,164,1,67,0
98,223,98,223,98,223,49,223,63,223,28,223,252,3,0,0,0,0,0,0,86,86,86,86,86,86,86,86,86,22,22,22,22,22,22,22,22,22,22,22,255,222,14,97,14,128,0,32,132,0,48,0,10,1,0,32,0,128,0,16,16,3,16,64,0,0,2,1,0,0,8,0,2,0,32,64,0,24,0,1,64,0,0,0,0,0,255,0,222,63,97,14,142,142,175,175,175,175,14,179,43,39,35,32,36,40,44,91,71,0,125,124,14,56,7,27,0,3,80,255,0,255,0,35,167,3,67,0
98,223,98,223,98,223,56,223,77,223,28,223,12,4,0,0,0,0,0,0,22,86,86,86,86,86,86,86,86,22,22,22,22,22,22,22,86,22,22,22,255,158,0,97,0,32,0,32,132,0,48,0,10,1,0,32,0,128,32,16,16,3,16,64,2,1,138,1,0,4,8,0,2,0,32,1,0,16,0,1,64,0,0,0,0,0,255,102,222,63,97,0,0,128,128,163,136,169,177,179,117,121,117,113,37,30,50,22,40,16,97,124,0,56,3,40,0,4,112,255,0,255,0,23,255,3,67,0
98,223,98,223,98,223,35,223,35,223,28,223,126,1,0,0,0,0,0,0,86,86,86,86,86,86,86,86,86,22,22,22,22,22,22,22,22,22,22,22,18,190,18,18,18,0,0,32,132,0,48,32,10,1,0,32,0,128,0,16,16,3,16,64,0,0,2,1,0,0,8,0,66,0,32,65,0,24,0,1,64,0,0,0,0,43,255,0,222,63,97,18,146,146,146,146,16,177,146,179,41,37,33,29,25,3,0,3,10,32,1,0,14,56,6,0,0,1,16,255,0,255,0,0,255,0,131,0
98,223,98,223,98,223,98,223,28,223,28,223,0,10,0,0,0,0,0,0,86,86,86,86,86,86,86,86,86,22,22,22,22,22,22,22,22,22,22,22,18,190,18,18,18,0,0,0,132,0,48,0,10,1,0,32,0,128,0,16,16,3,16,64,0,0,2,1,0,0,8,0,66,0,32,65,0,24,0,1,64,0,0,0,0,43,255,0,222,53,63,18,146,146,146,146,146,146,146,146,41,37,33,29,25,21,17,13,9,32,125,124,0,46,8,29,0,0,0,255,0,255,0,0,255,0,0,0
98,223,98,223,35,223,35,223,63,223,77,223,126,1,0,0,0,0,0,0,86,86,86,86,86,86,86,86,86,22,22,22,22,22,22,22,22,22,22,22,13,46,14,14,14,32,0,0,132,2,48,16,10,1,0,32,0,0,0,16,16,2,16,64,0,0,2,1,0,0,0,0,2,0,32,65,0,24,0,1,64,0,0,0,0,56,255,0,222,53,63,14,142,142,45,173,173,173,173,179,93,89,85,60,64,68,72,76,79,0,29,0,0,46,7,7,0,17,87,255,0,255,0,105,255,0,131,0
98,223,98,223,49,223,70,223,56,223,49,223,124,6,0,0,0,0,0,0,86,86,86,86,86,86,86,86,86,54,22,22,22,22,22,22,22,22,22,22,255,46,0,0,66,2,0,0,132,0,48,64,10,1,0,32,1,128,0,16,16,2,16,64,16,0,2,1,0,0,0,0,0,0,32,64,0,168,0,0,64,0,0,0,0,0,255,0,222,53,63,66,35,163,134,134,6,167,136,144,2,105,66,29,24,0,4,110,30,0,1,96,0,46,1,48,0,54,67,255,0,255,0,32,225,1,0,0
98,223,98,223,35,223,28,223,84,223,84,223,56,0,0,0,0,0,0,0,86,86,86,86,86,86,86,86,86,22,22,22,22,22,22,22,22,22,22,22,255,118,7,0,39,2,0,0,132,0,48,64,10,3,64,32,0,128,0,16,16,2,16,64,0,0,2,1,0,0,0,0,2,0,32,0,0,0,0,1,64,0,0,0,0,0,255,0,222,53,63,39,39,167,167,167,167,167,167,144,46,70,74,78,82,86,90,94,24,0,1,0,0,46,7,58,0,16,136,255,0,255,0,93,224,3,131,0
98,223,98,223,98,223,77,223,35,223,42,223,48,7,0,0,0,0,0,0,86,86,86,86,86,86,86,86,86,22,22,22,22,22,22,22,22,22,22,22,255,30,16,16,16,32,0,0,132,0,48,0,10,1,0,32,0,128,0,16,16,3,16,64,0,0,2,1,0,0,40,0,2,0,32,1,0,24,0,1,64,0,0,0,0,38,255,0,222,53,63,16,144,144,144,47,175,175,177,179,21,17,13,9,44,48,52,12,68,16,43,0,0,46,6,34,0,7,18,255,0,255,0,74,3,3,131,0
98,223,98,223,42,223,35,223,49,223,42,223,126,1,0,0,0,0,0,0,86,86,86,86,86,86,86,86,86,22,22,22,22,22,22,22,22,22,22,22,255,118,1,1,33,32,0,0,132,0,48,0,10,1,0,32,2,0,0,16,16,2,16,64,0,0,2,1,0,0,8,2,2,0,32,68,0,16,0,64,64,0,0,0,0,6,255,0,222,53,63,33,161,33,33,33,2,132,177,179,27,31,87,71,106,75,29,43,79,16,97,96,16,46,3,42,0,33,50,255,0,255,0,107,2,1,67,0
98,223,98,223,98,223,77,223,28,223,70,223,48,7,0,0,0,0,0,0,86,86,86,86,86,86,86,86,86,22,22,22,22,22,22,22,22,22,22,22,255,222,8,97,8,2,0,0,132,32,48,0,10,1,0,36,0,128,0,16,16,3,16,64,0,0,2,1,0,0,8,0,66,0,32,64,0,24,0,1,64,0,0,0,0,0,255,0,222,63,97,8,136,136,169,169,169,169,169,169,10,6,2,1,5,9,13,17,21,16,125,124,11,56,8,62,0,7,6,255,0,255,0,120,255,0,0,0
98,223,98,223,98,223,42,223,70,223,77,223,254,2,0,0,0,0,0,0,86,86,86,86,86,86,86,86,86,22,22,22,22,22,22,22,22,22,22,22,255,238,11,97,45,2,0,0,132,0,48,0,10,1,0,32,0,128,0,16,144,2,16,64,0,0,2,1,0,0,8,0,66,0,32,0,0,0,0,0,64,0,0,0,0,0,255,0,222,63,97,45,43,43,171,171,171,140,177,179,70,88,96,100,104,108,105,21,70,0,73,93,12,56,6,135,0,2,103,255,0,255,0,62,225,1,67,0
98,223,98,223,98,223,49,223,91,223,42,223,252,3,0,0,0,0,0,0,86,86,86,86,86,86,86,86,86,22,22,22,22,22,22,22,22,22,22,22,255,110,16,16,16,0,0,34,132,0,48,0,10,1,0,36,0,128,0,16,16,3,16,64,0,0,2,1,0,0,0,0,2,0,32,65,0,24,0,1,64,0,0,0,0,40,255,0,222,53,63,16,16,144,144,144,144,144,177,179,29,21,17,13,9,5,1,2,26,0,1,93,0,46,7,255,0,3,146,255,0,255,0,15,161,3,67,0
98,223,98,223,35,223,56,223,70,223,42,223,12,4,0,0,0,0,0,0,86,86,86,86,86,86,86,86,86,22,22,22,22,22,22,22,22,22,22,22,255,126,15,0,47,32,0,0,132,0,48,0,10,1,0,32,2,128,0,16,16,3,16,64,0,0,66,1,0,0,8,0,0,0,32,0,0,8,0,0,64,0,0,0,0,0,255,0,222,53,63,47,175,175,144,144,144,144,144,144,65,69,73,76,72,68,64,60,56,0,1,96,0,46,8,9,0,20,98,255,0,255,0,19,163,3,0,0
98,223,98,223,98,223,35,223,49,223,35,223,126,1,0,0,0,0,0,0,22,86,86,86,86,86,86,86,86,22,22,22,22,22,22,22,86,22,22,22,255,222,0,0,0,2,0,0,132,0,48,32,10,1,0,32,0,128,0,16,16,2,16,64,0,0,2,1,0,0,8,0,66,0,32,64,0,8,0,1,64,0,0,0,0,0,255,102,222,61,97,33,0,128,128,128,161,161,177,179,52,15,11,7,3,28,50,16,9,32,1,0,0,54,6,135,0,1,49,255,0,255,0,21,255,1,0,0
98,223,98,223,98,223,84,223,42,223,63,223,124,8,0,0,0,0,0,0,86,86,86,86,86,86,86,86,86,22,22,22,22,22,22,22,22,22,22,22,255,30,10,9,41,2,64,160,132,0,48,32,10,1,0,96,0,208,0,16,16,3,16,64,0,0,2,1,0,0,0,0,2,0,32,65,0,24,0,1,64,0,0,0,0,12,255,0,222,63,97,41,10,171,12,49,49,18,18,179,51,42,41,8,39,50,60,48,44,0,1,0,0,56,3,15,0,8,37,255,0,255,0,22,255,3,0,0
98,223,98,223,35,223,28,223,91,223,42,223,56,0,0,0,0,0,0,0,86,86,86,86,86,86,86,86,86,22,22,22,22,22,22,22,22,22,22,22,255,190,14,16,14,0,0,32,132,0,48,0,10,1,64,32,0,0,0,16,16,3,16,64,0,0,2,1,0,0,8,0,2,0,32,64,0,24,0,0,64,0,0,0,0,50,255,0,222,63,97,14,142,175,175,16,144,49,179,179,79,75,72,76,69,65,0,2,15,16,1,0,18,56,5,255,0,16,146,255,0,255,0,28,227,1,0,0
98,223,98,223,98,223,70,223,28,223,28,223,124,6,0,0,0,0,0,0,86,86,86,86,86,86,86,86,86,22,22,22,22,22,22,22,22,22,22,22,15,134,15,15,47,0,0,0,132,0,48,0,10,1,0,32,0,128,0,16,16,3,16,64,0,0,2,1,0,0,8,0,2,0,32,65,0,24,0,1,64,0,0,0,0,14,255,0,222,53,63,47,175,175,175,175,144,144,144,144,59,63,67,71,75,74,70,66,62,32,1,0,2,46,8,7,0,6,0,255,0,255,0,119,255,0,131,0
98,223,98,223,35,223,28,223,49,223,28,223,56,0,0,0,0,0,0,0,86,86,86,86,86,86,86,86,86,22,22,22,22,22,22,22,22,22,22,22,255,62,7,0,39,0,0,0,132,0,48,0,10,1,0,32,0,128,0,16,16,3,17,64,0,0,34,1,20,0,8,0,2,0,32,65,0,8,0,1,64,0,0,0,0,0,255,0,222,53,63,39,167,35,163,39,39,136,169,171,50,54,102,106,50,105,108,107,101,32,68,0,0,46,4,23,0,16,48,255,0,255,0,16,163,1,131,0
98,223,98,223,98,223,98,223,35,223,35,223,0,10,0,0,0,0,0,0,86,86,86,86,86,86,86,86,86,22,22,22,22,22,22,22,22,22,22,22,14,134,14,15,47,0,0,32,132,0,48,0,10,1,0,32,0,0,0,16,16,3,16,64,0,0,2,1,0,0,8,0,66,0,32,65,0,24,0,1,64,0,0,0,0,14,255,0,222,63,97,47,14,142,142,142,142,142,142,179,59,108,104,100,96,92,88,84,24,32,70,93,11,56,7,9,0,0,17,255,0,255,0,14,164,1,67,0
98,223,98,223,98,223,98,223,42,223,35,223,0,10,0,0,0,0,0,0,86,86,86,86,86,86,86,86,86,22,22,22,22,22,22,22,22,22,22,22,255,158,9,97,43,2,0,0,132,0,48,0,10,1,0,32,0,128,0,16,16,3,16,64,0,0,2,1,0,0,8,0,0,0,32,65,0,24,0,1,64,0,0,0,0,0,255,0,222,63,97,43,41,41,169,169,138,138,177,179,90,108,116,120,124,121,117,19,68,32,125,31,0,56,6,60,0,0,33,255,0,255,0,65,65,1,131,0
98,223,98,223,35,223,91,223,91,223,56,223,124,9,0,0,0,0,0,0,86,86,86,86,86,86,86,86,86,22,22,22,22,22,22,22,22,22,22,22,255,150,5,5,37,2,0,16,132,0,48,0,10,129,0,32,0,2,0,16,0,3,16,64,0,0,2,1,0,0,8,0,0,0,32,0,0,8,0,0,64,0,0,0,0,29,255,0,222,53,63,4,165,134,134,134,35,163,163,173,120,123,122,118,114,73,77,81,49,0,1,0,0,46,7,46,0,25,148,255,0,255,0,29,255,0,0,0
98,223,98,223,98,223,35,223,42,223,42,223,126,1,0,0,0,0,0,0,86,86,86,86,86,86,86,86,86,22,22,22,22,22,22,22,22,22,22,22,255,54,14,0,16,0,0,32,132,0,48,0,10,1,0,32,0,0,0,16,16,3,16,64,0,0,2,1,0,0,8,0,66,0,32,65,0,24,0,1,64,0,0,0,0,0,255,0,222,53,63,16,14,175,47,175,175,179,179,179,24,34,33,41,45,49,1,13,24,32,1,96,0,46,5,255,0,1,34,255,0,255,0,0,255,0,67,0
98,223,98,223,98,223,56,223,49,223,42,223,12,4,0,0,0,0,0,0,86,86,86,22,86,86,86,86,86,22,22,22,22,22,22,22,86,22,22,22,255,46,0,0,0,128,0,0,132,0,49,32,10,1,0,32,1,0,0,48,16,2,16,68,0,0,2,1,0,0,8,0,0,0,32,0,0,24,0,0,64,0,0,0,0,0,255,102,222,53,63,6,6,4,165,134,134,138,173,142,115,107,121,122,123,45,39,0,15,0,125,124,0,46,5,48,0,4,50,255,0,255,0,31,255,1,0,0
98,223,98,223,42,223,35,223,49,223,91,223,126,1,0,0,0,0,0,0,86,86,86,86,86,86,86,86,86,22,22,22,22,22,22,22,22,22,86,22,255,111,19,19,51,32,0,0,132,32,48,0,10,0,0,32,64,0,0,17,16,6,16,65,0,0,2,1,0,0,0,1,2,4,32,0,0,0,32,1,0,0,0,0,0,15,255,0,222,63,97,51,179,179,179,179,179,179,179,179,63,67,71,75,79,83,87,91,95,0,125,60,0,56,8,255,0,33,57,255,0,255,0,24,255,1,66,0
98,223,98,223,98,223,56,223,56,223,35,223,12,4,0,0,0,0,0,0,86,86,86,86,86,86,86,86,86,22,22,22,22,22,22,22,22,22,22,22,255,70,15,0,47,0,0,32,132,0,48,32,10,1,0,32,0,128,0,16,16,3,16,64,0,0,2,1,0,0,8,0,2,0,0,1,0,16,0,0,64,0,0,0,0,0,255,0,222,53,63,14,175,144,177,146,146,179,179,179,0,3,2,1,4,0,3,7,11,0,125,124,0,46,8,60,0,4,65,255,0,255,0,5,228,3,67,0
98,223,98,223,98,223,98,223,28,223,28,223,0,10,0,0,0,0,0,0,86,86,86,86,86,86,86,86,86,22,22,22,22,22,22,22,22,22,22,22,17,14,17,0,49,0,0,0,132,0,48,0,10,1,0,32,0,128,0,16,16,3,16,64,0,0,2,1,0,0,8,0,66,0,32,65,0,24,0,1,64,0,0,0,0,0,255,0,222,53,63,49,177,177,177,177,177,177,177,177,10,14,18,22,26,30,34,38,42,32,125,124,11,46,8,27,0,0,0,255,0,255,0,0,255,0,67,0
98,223,98,223,98,223,35,223,63,223,35,223,126,1,0,0,0,0,0,0,86,86,86,86,86,86,86,86,86,22,22,22,22,22,22,22,22,22,22,22,19,22,18,97,18,2,0,0,132,0,48,0,10,1,0,32,0,0,0,16,16,3,16,64,0,0,2,1,0,0,8,0,2,0,32,65,0,24,0,1,64,0,0,0,0,0,255,0,222,63,97,18,146,146,179,179,179,179,179,179,48,44,40,43,47,51,55,59,63,0,61,60,9,56,8,255,0,1,81,255,0,255,0,23,255,3,0,0
98,223,98,223,35,223,28,223,42,223,70,223,56,0,0,0,0,0,0,0,86,86,86,22,86,86,86,86,86,22,22,22,22,22,22,22,86,22,22,22,255,30,0,0,0,0,0,32,132,0,48,0,10,1,0,32,0,0,1,16,16,3,17,64,0,0,10,1,0,0,8,0,66,0,32,65,0,24,0,1,64,0,0,0,0,0,255,102,222,53,63,16,177,177,177,177,47,175,175,179,1,2,6,10,14,60,50,5,19,16,1,14,0,46,7,9,0,16,38,255,0,255,0,23,255,1,66,0
98,223,98,223,98,223,98,223,42,223,35,223,0,10,0,0,0,0,0,0,86,86,86,86,86,86,86,86,86,22,22,22,22,22,22,22,22,22,22,22,255,134,14,15,47,2,0,0,132,0,48,0,10,1,0,32,0,128,0,16,16,3,16,64,0,0,2,1,0,0,8,0,2,0,32,65,0,24,0,1,64,0,0,0,0,14,255,0,222,53,63,47,14,14,142,142,142,142,177,179,59,76,68,64,60,56,52,19,68,32,1,0,2,46,6,255,0,0,33,255,0,255,0,100,2,3,0,0
98,223,98,223,98,223,63,223,56,223,35,223,252,5,0,0,0,0,0,0,86,86,86,22,86,86,86,86,86,22,22,22,22,22,22,22,86,22,22,22,255,174,0,0,0,0,64,0,132,0,48,0,10,1,0,32,0,128,0,16,16,3,16,64,0,0,2,1,0,0,1,0,2,0,160,65,0,24,0,1,64,0,0,0,0,0,255,102,222,53,63,4,6,134,134,134,134,167,136,136,121,123,119,115,111,109,33,29,31,0,125,124,0,46,4,31,0,5,65,255,0,255,0,24,255,1,67,0
98,223,98,223,42,223,77,223,63,223,49,223,48,7,0,0,0,0,0,0,86,86,86,22,86,86,86,86,86,22,22,22,22,22,22,22,86,22,22,22,255,182,0,0,0,128,0,0,132,0,48,0,10,1,0,32,128,0,0,16,16,3,16,64,0,64,2,1,0,0,0,0,0,0,32,65,0,24,0,1,64,0,0,0,0,0,255,102,222,53,63,37,0,128,128,128,130,130,163,179,14,73,69,65,61,53,45,0,15,16,108,88,0,46,4,255,0,39,83,255,0,255,0,23,255,1,131,0
98,223,98,223,98,223,70,223,35,223,35,223,124,6,0,0,0,0,0,0,86,86,86,86,86,86,86,86,86,22,22,22,22,22,22,22,22,22,22,22,15,134,15,15,47,0,0,0,132,0,48,16,10,1,0,32,0,128,0,16,16,2,16,64,0,0,2,1,0,0,8,0,2,0,32,65,0,24,0,1,64,0,0,0,0,14,255,0,222,53,63,47,175,175,175,175,144,14,142,144,59,63,67,71,75,74,40,36,33,32,29,28,9,46,7,255,0,6,17,255,0,255,0,119,255,0,0,0
98,223,98,223,35,223,28,223,63,223,28,223,56,0,0,0,0,0,0,0,22,86,86,86,86,86,86,86,86,22,22,22,22,22,22,22,86,22,22,22,0,30,0,97,0,0,0,0,132,0,48,0,10,1,0,32,4,128,1,16,16,3,16,64,0,0,2,1,0,0,0,0,2,0,32,65,0,24,0,1,64,0,0,0,0,0,255,102,222,63,97,0,128,128,128,128,128,128,45,142,39,35,31,27,23,60,50,5,19,32,71,40,0,56,6,54,0,16,80,255,0,255,0,31,255,3,131,0
98,223,98,223,35,223,56,223,35,223,49,223,12,4,0,0,0,0,0,0,86,86,86,86,86,86,86,86,86,22,22,22,22,22,22,22,22,22,22,22,13,30,13,97,45,0,0,0,132,8,48,4,10,0,0,48,0,128,1,16,16,2,16,64,0,0,2,1,0,0,8,0,2,0,32,64,0,24,0,1,64,0,0,0,0,0,255,0,222,63,97,45,173,173,173,173,173,142,45,177,24,28,32,36,40,44,41,40,55,16,29,28,10,56,7,255,0,20,19,255,0,255,0,107,255,0,0,0
98,223,98,223,42,223,35,223,56,223,49,223,126,1,0,0,0,0,0,0,22,86,86,86,86,86,86,86,86,22,22,22,22,22,22,22,86,22,22,22,255,142,0,0,0,0,0,4,132,0,48,0,10,1,0,32,0,128,0,16,49,2,17,64,0,0,2,1,0,0,0,0,0,0,32,64,0,16,0,0,64,0,0,0,0,0,255,102,222,62,97,0,33,0,43,43,140,140,177,146,87,0,23,97,107,77,39,3,58,0,1,0,0,55,2,135,0,33,67,255,0,255,0,17,255,1,0,0
98,223,98,223,98,223,42,223,77,223,49,223,254,2,0,0,0,0,0,0,86,86,86,86,86,86,86,86,86,22,22,22,22,22,22,22,22,22,22,22,255,174,6,3,6,32,0,0,132,64,48,0,10,1,0,36,128,4,0,16,16,2,16,64,0,0,2,1,0,0,0,0,0,0,32,64,0,16,0,1,64,0,0,0,0,29,255,0,222,53,63,6,134,35,163,132,35,173,175,179,92,88,119,123,122,87,28,76,79,0,125,96,0,46,5,13,0,2,115,255,0,255,0,12,5,3,67,0
98,223,98,223,56,223,28,223,63,223,70,223,56,0,0,0,0,0,0,0,22,86,86,86,86,86,86,86,86,22,22,22,22,22,22,22,86,22,22,22,255,46,0,97,0,2,0,32,132,96,48,0,42,0,0,32,0,128,1,16,24,2,16,64,0,0,2,1,0,0,8,32,0,0,32,64,0,0,0,0,64,0,0,0,0,0,255,102,222,63,97,0,0,128,128,140,175,177,146,179,0,68,64,60,38,14,50,26,34,0,1,0,0,56,3,15,0,64,86,255,0,255,0,26,255,3,0,0
98,223,98,223,98,223,56,223,35,223,42,223,12,4,0,0,0,0,0,0,86,86,86,86,86,86,86,86,86,54,22,22,22,22,22,22,22,22,22,22,255,94,2,2,66,0,0,0,132,0,48,0,10,1,0,32,0,0,0,16,16,2,16,64,0,0,2,1,0,0,8,0,66,1,32,64,0,16,0,0,64,0,0,0,0,47,255,0,222,53,63,66,194,194,194,194,194,65,35,165,57,53,49,45,41,37,80,63,57,32,125,124,0,46,7,29,0,4,18,255,0,255,0,81,165,3,0,0
98,223,98,223,98,223,77,223,42,223,28,223,48,7,0,0,0,0,0,0,86,86,86,86,86,86,86,86,86,22,22,22,22,22,22,22,22,22,22,22,255,230,15,97,47,2,0,0,132,0,48,32,10,1,0,32,0,128,0,48,16,3,17,64,2,0,2,1,0,0,0,0,2,0,32,64,0,16,0,1,64,0,0,0,0,0,255,0,222,63,97,47,175,175,175,175,175,10,140,177,48,52,56,60,64,68,47,1,6,16,1,0,0,56,6,23,0,7,32,255,0,255,0,107,64,1,0,0
98,223,98,223,98,223,70,223,28,223,35,223,124,6,0,0,0,0,0,0,86,86,86,86,86,86,86,86,86,22,22,22,22,22,22,22,22,22,22,22,13,118,13,13,45,0,0,0,132,0,48,0,10,1,0,32,0,0,0,16,16,3,16,64,0,0,2,1,0,0,8,0,2,0,32,65,0,24,0,1,64,0,0,0,0,8,255,0,222,63,97,45,173,173,173,173,173,173,173,173,35,39,43,47,51,55,59,63,67,32,1,0,0,56,8,255,0,6,1,255,0,255,0,17,228,3,131,0
98,223,98,223,35,223,84,223,28,223,77,223,124,8,0,0,0,0,0,0,86,86,86,86,86,86,86,86,86,22,22,22,22,22,22,22,22,22,22,22,255,142,7,97,39,0,0,8,132,0,48,0,10,0,0,32,0,128,0,16,18,2,16,64,0,2,34,1,0,64,0,0,2,0,32,64,0,16,0,0,64,0,0,0,0,0,255,0,222,63,97,39,167,4,132,132,6,169,179,179,13,17,28,24,20,70,41,3,33,0,125,28,0,56,5,46,0,24,7,255,0,255,0,119,255,0,0,0
98,223,98,223,98,223,77,223,49,223,28,223,48,7,0,0,0,0,0,0,22,86,86,86,86,86,86,86,86,22,22,22,22,22,22,86,22,22,22,22,255,78,0,0,0,0,0,2,132,0,48,32,10,33,0,32,0,128,0,16,16,3,16,64,0,1,2,1,0,0,8,0,0,0,32,1,0,0,20,1,64,0,0,0,0,0,255,0,222,37,63,0,128,0,0,163,163,136,177,146,40,36,8,76,85,87,20,10,4,16,77,76,19,56,3,21,0,7,48,255,0,255,0,8,255,3,131,0
98,223,98,223,98,223,98,223,70,223,63,223,0,10,0,0,0,0,0,0,86,86,86,86,86,86,86,86,86,22,22,22,22,22,22,22,22,22,22,22,18,62,18,97,18,0,0,0,132,0,48,0,10,1,0,32,0,128,0,16,16,3,16,64,0,0,2,1,0,0,0,0,2,0,32,65,0,24,0,1,64,0,0,0,0,0,255,0,222,63,97,18,146,146,146,146,146,146,146,146,38,34,30,26,22,18,14,10,6,16,125,124,0,56,8,0,0,0,101,255,0,255,0,118,69,3,0,0
98,223,98,223,98,223,35,223,42,223,77,223,126,1,0,0,0,0,0,0,86,86,86,86,86,86,86,86,86,22,22,22,22,22,22,22,22,22,22,22,255,246,0,1,33,0,0,0,132,0,48,0,10,0,0,32,0,128,0,16,18,2,16,64,0,0,34,1,0,64,0,0,2,0,32,64,0,16,0,0,64,0,0,0,0,14,255,0,222,53,63,33,33,33,33,33,167,167,138,138,59,51,59,67,59,11,14,107,99,16,1,0,11,46,4,25,0,1,39,255,0,255,0,0,255,3,131,0
98,223,98,223,35,223,77,223,42,223,49,223,48,7,0,0,0,0,0,0,86,86,86,86,86,86,86,86,86,22,22,22,22,22,22,22,22,22,22,22,255,182,0,6,4,2,0,0,132,0,48,33,10,0,0,32,0,128,0,49,16,2,16,96,0,0,34,1,0,0,8,32,0,0,40,0,0,16,0,1,64,0,0,0,0,50,255,0,222,63,97,4,6,6,138,171,140,140,177,177,27,69,21,3,4,27,19,4,16,16,1,96,0,56,1,15,0,23,35,255,0,255,0,58,6,3,67,0
98,223,98,223,98,223,56,223,77,223,42,223,12,4,0,0,0,0,0,0,22,86,86,86,86,86,86,86,86,22,22,22,22,22,22,86,22,22,22,22,12,238,0,0,0,0,0,36,132,0,48,2,10,1,0,32,0,0,0,16,16,2,16,64,0,0,2,1,0,0,0,0,2,32,32,1,0,24,0,1,64,0,0,0,0,0,255,0,222,37,63,10,171,140,140,140,140,140,140,140,41,42,43,39,35,31,27,23,19,0,125,100,3,56,8,58,0,4,114,255,0,255,0,12,255,3,130,0
98,223,98,223,42,223,49,223,28,223,63,223,252,3,0,0,0,0,0,0,86,86,86,86,86,86,86,86,86,22,22,22,22,22,22,22,22,22,22,22,255,14,6,0,6,0,0,0,132,0,48,0,10,9,0,16,0,0,32,16,16,3,17,64,0,0,2,1,0,0,0,0,2,0,0,64,0,24,0,0,64,0,0,0,0,0,255,0,222,53,63,6,6,6,134,171,171,49,49,179,52,44,16,12,103,109,0,28,3,0,19,0,0,46,3,48,0,35,5,255,0,255,0,17,69,1,0,0
98,223,98,223,98,223,98,223,28,223,35,223,0,10,0,0,0,0,0,0,86,86,86,86,86,86,86,86,86,22,22,22,22,22,22,22,22,22,22,22,19,150,18,97,18,0,0,0,132,0,48,0,10,1,0,32,0,0,0,16,16,3,16,64,0,0,2,1,0,0,8,0,66,0,32,65,0,24,0,1,64,0,0,0,0,0,255,0,222,63,97,18,146,179,179,179,179,179,179,179,6,2,1,5,9,13,17,21,25,32,61,60,19,56,8,255,0,0,1,255,0,255,0,0,255,0,0,0
98,223,98,223,98,223,91,223,35,223,28,223,124,9,0,0,0,0,0,0,86,86,86,86,86,86,86,86,86,22,22,22,22,22,22,22,22,22,22,22,255,174,14,97,14,0,0,0,132,0,48,0,10,129,0,32,0,128,0,16,16,3,16,64,0,0,2,1,0,0,8,0,2,0,32,65,0,24,0,1,64,0,0,0,0,0,255,0,222,63,97,14,14,142,142,142,142,142,142,144,39,95,91,87,83,79,75,71,61,32,1,0,8,56,7,7,0,9,16,255,0,255,0,119,255,0,131,0
98,223,98,223,98,223,91,223,84,223,28,223,124,9,0,0,0,0,0,0,86,86,86,86,86,86,86,86,86,22,22,22,22,22,22,22,22,22,22,22,14,206,14,14,14,0,0,0,132,0,48,16,10,1,0,32,0,128,0,16,16,3,16,64,0,0,2,1,0,0,8,0,2,0,32,64,0,24,0,1,64,0,0,0,0,49,255,0,222,53,63,14,142,142,142,142,142,142,142,142,65,61,57,53,49,45,41,37,33,16,1,0,8,46,8,135,0,9,128,255,0,255,0,39,225,3,0,0
98,223,98,223,98,223,49,223,84,223,91,223,252,3,0,0,0,0,0,0,86,86,86,86,86,86,86,86,86,22,22,22,22,22,22,22,22,22,22,22,16,70,16,0,16,0,0,0,132,0,48,0,10,0,0,32,0,0,0,16,17,2,17,64,4,2,2,1,0,0,8,0,2,0,32,0,0,16,0,0,64,0,0,0,0,0,255,0,222,53,63,16,144,144,144,144,144,144,144,144,63,59,55,51,47,43,39,35,31,16,125,124,2,46,8,29,0,3,137,255,0,255,0,79,64,1,67,0
98,223,98,223,98,223,98,223,49,223,42,223,0,10,0,0,0,0,0,0,86,86,86,86,86,86,86,86,86,22,22,22,22,22,22,22,22,22,22,22,255,102,5,7,37,0,0,0,132,0,48,0,10,1,0,32,0,128,0,16,16,3,16,64,0,0,2,1,0,0,0,0,66,0,32,0,0,16,0,1,64,0,0,0,0,15,255,0,222,53,63,37,165,165,39,39,167,142,146,179,57,61,65,63,71,75,109,0,12,32,1,0,5,46,5,255,0,0,50,255,0,255,0,106,162,1,131,0
98,223,98,223,98,223,98,223,42,223,28,223,0,10,0,0,0,0,0,0,86,86,86,86,86,86,86,86,86,22,22,22,22,22,22,22,22,22,22,22,255,94,16,97,16,0,0,2,132,2,48,0,10,1,0,32,0,128,0,16,16,3,16,64,0,0,2,1,0,0,8,0,66,0,32,65,0,24,0,1,64,0,0,0,0,0,255,0,222,63,97,16,144,144,144,144,144,47,177,146,59,55,51,47,43,39,42,41,24,32,91,96,0,56,6,54,0,0,32,255,0,255,0,11,225,3,0,0
98,223,98,223,98,223,98,223,77,223,70,223,0,10,0,0,0,0,0,0,86,86,86,86,86,86,86,86,86,22,22,22,22,22,22,22,22,22,22,22,14,22,16,16,16,8,0,0,132,0,48,0,10,1,0,32,0,128,0,16,16,2,16,64,0,0,2,1,0,0,8,0,2,0,32,65,0,24,0,1,64,0,0,0,0,52,255,0,222,63,97,47,144,144,14,142,142,142,142,179,76,73,69,67,63,59,55,51,71,16,1,0,0,56,7,11,0,0,118,255,0,255,0,26,224,1,0,0
98,223,98,223,35,223,70,223,70,223,84,223,124,6,0,0,0,0,0,0,86,86,86,86,86,86,86,86,86,22,22,22,22,22,22,22,22,22,22,22,15,22,15,12,47,2,0,0,132,0,48,1,42,0,0,32,0,128,0,16,16,2,16,64,0,0,2,1,0,0,0,42,2,0,32,0,0,16,0,1,64,0,0,0,0,41,255,0,222,63,97,47,175,175,175,175,12,47,144,179,12,16,20,24,28,33,24,21,70,0,97,3,0,56,5,15,0,22,104,255,0,255,0,95,255,0,131,0
98,223,98,223,98,223,98,223,28,223,28,223,0,10,0,0,0,0,0,0,86,86,86,86,86,86,86,86,86,22,22,22,22,22,22,22,22,22,22,22,19,150,18,97,18,0,0,0,132,0,48,0,10,1,0,32,0,128,0,16,16,3,16,64,0,0,2,1,0,0,8,0,66,0,32,65,0,24,0,1,64,0,0,0,0,0,255,0,222,63,97,18,146,179,179,179,179,179,179,179,6,2,1,5,9,13,17,21,25,32,0,60,0,56,8,0,0,0,0,255,0,255,0,0,255,0,0,0
98,223,98,223,98,223,63,223,28,223,28,223,252,5,0,0,0,0,0,0,86,86,86,86,86,86,86,86,86,22,22,22,22,22,22,22,22,22,22,22,255,70,7,0,39,0,0,0,132,2,48,32,10,1,0,32,0,128,1,16,16,3,17,64,0,0,34,1,0,0,32,0,2,0,32,64,0,24,0,0,64,0,0,0,0,0,255,0,222,53,63,39,167,167,167,167,39,136,144,146,88,92,96,100,109,122,124,53,57,16,125,124,8,46,3,7,0,5,0,255,0,255,0,29,64,1,67,0
98,223,98,223,98,223,70,223,70,223,42,223,124,6,0,0,0,0,0,0,86,86,86,86,86,86,86,86,86,22,22,22,22,22,22,22,22,22,22,22,255,166,0,3,4,0,0,32,132,0,48,32,10,0,0,32,0,128,0,48,16,2,16,64,0,0,2,1,0,0,8,0,66,0,32,0,0,8,0,1,64,0,0,0,0,11,255,0,222,63,97,4,2,35,35,39,173,179,179,179,122,48,58,63,9,2,0,14,26,0,1,0,8,56,1,255,0,6,98,255,0,255,0,94,166,1,0,0
98,223,98,223,35,223,84,223,28,223,63,223,124,8,0,0,0,0,0,0,86,86,86,86,86,86,86,86,86,22,22,22,22,22,22,22,22,22,22,22,255,150,13,13,45,0,0,32,132,0,48,0,10,129,0,32,1,128,0,16,16,3,16,64,0,0,2,1,0,0,32,0,2,0,32,65,0,24,0,1,64,0,0,0,0,15,255,0,222,53,63,12,173,173,173,173,173,173,173,142,64,67,71,75,79,83,87,91,90,16,92,28,0,46,8,60,0,24,5,255,0,255,0,107,66,1,131,0
98,223,98,223,35,223,56,223,70,223,77,223,12,4,0,0,0,0,0,0,86,86,86,86,86,86,86,86,86,22,22,22,22,22,22,22,22,22,22,22,255,22,14,97,14,0,0,0,132,0,48,0,10,1,0,32,0,0,0,16,16,3,16,64,0,0,2,33,0,0,8,0,2,128,32,65,0,24,0,1,64,0,0,0,0,0,255,0,222,63,97,14,142,175,175,175,175,175,175,175,36,32,35,39,43,47,51,55,59,0,1,0,0,56,8,58,0,20,103,255,0,255,0,78,70,3,131,0
98,223,98,223,98,223,70,223,28,223,35,223,124,6,0,0,0,0,0,0,86,86,86,86,86,86,86,86,86,54,22,22,22,22,22,22,22,22,22,22,255,14,0,1,97,0,0,0,132,0,48,1,10,0,0,32,0,0,0,48,16,2,16,64,0,0,2,33,0,0,0,0,2,0,32,64,0,16,0,0,64,0,0,0,0,1,255,0,222,53,63,97,32,37,169,169,169,169,175,175,7,4,123,6,19,26,33,1,12,16,82,96,11,46,2,29,0,6,1,255,0,255,0,29,65,1,67,0
98,223,98,223,35,223,35,223,56,223,28,223,126,1,0,0,0,0,0,0,22,22,22,22,22,22,86,86,86,22,22,22,22,22,22,22,22,22,22,22,255,118,12,12,12,34,0,0,132,40,56,32,138,1,8,32,0,0,8,16,16,3,25,64,0,0,42,1,0,0,0,0,2,0,32,0,0,16,8,0,0,0,8,0,0,62,255,0,222,63,97,12,140,173,45,45,16,16,49,51,117,113,114,122,114,57,58,51,73,1,1,96,0,56,4,255,0,17,64,255,127,255,0,72,164,1,0,0
98,223,98,223,98,223,35,223,84,223,84,223,126,1,0,0,0,0,0,0,86,86,86,86,86,86,86,86,86,22,22,22,22,22,22,22,22,22,22,22,255,190,17,0,49,0,0,0,132,0,48,0,10,1,0,32,0,0,0,16,16,2,16,64,0,0,2,1,0,0,0,64,2,0,32,97,0,16,0,0,64,0,0,0,0,0,255,0,222,53,63,49,177,146,146,146,146,146,146,146,56,60,57,53,49,45,41,37,33,16,29,28,13,46,8,7,0,1,136,255,0,255,0,100,67,3,0,0
98,223,98,223,98,223,98,223,35,223,35,223,0,10,0,0,0,0,0,0,86,86,86,86,86,86,86,86,86,22,22,22,22,22,22,22,22,22,22,22,255,254,14,14,14,0,0,0,132,0,48,0,10,1,0,32,0,128,0,16,16,3,16,64,0,0,2,1,0,0,8,0,2,0,32,65,0,24,0,1,64,0,0,0,0,60,255,0,222,63,97,14,142,142,14,142,142,142,142,177,109,105,101,93,89,85,81,77,19,32,1,0,17,56,7,255,0,0,17,255,0,255,0,93,5,1,131,0
98,223,98,223,98,223,98,223,28,223,28,223,0,10,0,0,0,0,0,0,86,86,86,86,86,86,86,86,86,22,22,22,22,22,22,22,22,22,22,22,15,134,15,15,47,0,0,0,132,0,48,0,10,1,0,32,0,128,0,16,16,3,16,64,0,0,2,1,0,0,8,0,2,0,32,65,0,24,0,1,64,0,0,0,0,14,255,0,222,53,63,47,175,175,175,175,144,144,144,144,59,63,67,71,75,74,70,66,62,32,44,25,10,46,8,60,0,0,0,255,0,255,0,107,4,1,131,0
98,223,98,223,98,223,70,223,42,223,35,223,124,6,0,0,0,0,0,0,86,86,86,86,86,86,86,86,86,22,22,22,22,22,22,22,22,22,22,22,255,254,14,14,14,0,0,0,132,4,48,0,10,1,0,32,8,128,0,16,16,2,16,64,0,0,2,1,0,0,8,0,66,0,32,65,0,24,0,1,64,0,0,0,0,60,255,0,222,63,97,14,142,142,142,142,142,45,14,177,109,105,101,97,93,89,124,120,24,32,41,28,15,56,6,60,0,6,33,255,0,255,0,1,255,0,131,0
98,223,98,223,98,223,56,223,28,223,35,223,12,4,0,0,0,0,0,0,86,86,86,86,86,86,86,86,86,22,22,22,22,22,22,22,22,22,22,22,6,214,6,0,6,0,0,36,132,4,48,2,10,1,0,32,1,128,0,48,16,3,16,64,0,0,2,1,0,0,0,0,0,0,32,65,0,24,0,1,64,0,0,0,0,0,255,0,222,53,63,6,134,134,134,134,134,134,134,134,56,52,48,44,40,36,32,28,24,0,110,0,0,46,8,9,0,4,1,255,0,255,0,85,68,1,131,0
98,223,98,223,42,223,28,223,28,223,49,223,56,0,0,0,0,0,0,0,86,86,86,86,86,86,86,86,86,22,22,22,22,22,22,22,22,22,22,22,255,206,14,16,14,32,0,0,132,32,48,0,10,33,0,32,0,0,0,16,16,3,16,64,0,0,2,1,0,0,8,0,0,0,0,66,0,16,0,1,64,0,0,0,0,52,255,0,222,63,97,14,175,175,47,47,144,177,179,179,59,56,60,68,76,73,58,63,78,0,40,96,0,56,5,137,0,32,3,255,0,255,0,6,255,0,67,0
98,223,98,223,98,223,56,223,84,223,70,223,12,4,0,0,0,0,0,0,86,86,86,86,86,86,86,86,86,22,22,22,22,22,22,22,22,22,22,22,255,198,8,14,8,128,0,32,132,0,48,32,10,1,0,32,0,0,0,24,16,3,16,96,0,2,2,1,0,0,0,0,0,0,32,64,0,8,0,0,64,0,0,0,0,42,255,0,222,63,97,8,136,169,14,142,175,175,175,179,7,3,0,37,33,34,38,42,80,0,125,124,0,56,7,52,0,4,134,255,0,255,0,90,6,3,0,0
98,223,98,223,98,223,91,223,84,223,35,223,124,9,0,0,0,0,0,0,86,86,86,86,86,86,86,86,86,22,22,22,22,22,22,22,22,22,22,22,255,230,16,97,16,0,0,2,132,0,48,0,10,1,0,32,0,128,0,16,16,2,16,64,16,0,2,1,0,0,0,0,2,0,0,64,0,24,0,1,64,0,0,0,0,0,255,0,222,63,97,16,144,144,177,177,177,16,144,146,11,7,3,0,4,8,63,59,11,16,85,112,0,56,7,44,0,9,129,255,0,255,0,98,70,3,0,0
98,223,98,223,98,223,49,223,63,223,35,223,252,3,0,0,0,0,0,0,86,86,86,86,86,86,86,86,86,22,22,22,22,22,22,22,22,22,22,22,255,102,0,0,2,0,0,32,132,0,48,64,10,1,0,32,0,128,0,16,16,3,16,64,0,0,2,1,0,0,8,0,66,5,32,65,0,16,0,0,64,0,0,0,0,0,255,0,222,53,63,2,37,165,165,173,144,179,179,179,36,0,22,29,124,31,6,18,30,32,125,124,3,46,0,25,0,3,81,255,0,255,0,99,162,3,67,0
98,223,98,223,56,223,70,223,77,223,70,223,124,6,0,0,0,0,0,0,86,86,86,86,86,86,86,86,86,22,22,22,22,22,22,22,22,22,86,22,255,151,19,19,51,0,0,1,132,17,48,33,10,5,0,97,1,128,0,50,16,2,17,66,0,0,2,35,0,0,8,32,2,0,0,0,0,24,0,0,64,0,0,0,0,15,255,0,222,63,97,51,179,179,179,179,179,179,179,51,63,67,71,75,79,83,87,91,123,2,94,60,0,56,8,15,0,70,118,255,127,255,0,24,255,3,130,0
98,223,98,223,49,223,49,223,91,223,63,223,252,3,0,0,0,0,0,0,86,86,86,86,86,86,86,86,86,22,22,22,22,22,22,22,22,22,22,22,13,182,13,97,45,32,0,0,132,0,48,0,10,1,0,32,4,0,32,16,16,2,16,64,0,0,2,1,0,0,0,0,2,0,32,97,0,24,0,1,0,0,0,0,0,0,255,0,222,63,97,45,173,173,173,173,173,173,173,173,56,60,64,68,72,76,80,84,88,0,1,93,0,56,8,255,0,51,149,255,0,255,0,107,68,1,67,0
98,223,98,223,42,223,84,223,77,223,70,223,124,8,0,0,0,0,0,0,86,86,86,86,86,86,86,86,86,54,22,22,22,22,22,22,22,22,22,22,255,102,5,97,101,34,0,16,132,0,48,0,10,1,0,32,1,128,0,16,16,3,16,64,68,0,4,1,0,0,8,0,0,0,0,1,0,24,0,0,64,0,0,0,0,0,255,0,222,63,97,101,229,69,101,33,5,41,142,179,42,46,84,30,82,78,99,92,68,0,125,31,0,56,5,48,0,40,118,255,0,255,0,43,2,1,131,0
98,223,98,223,98,223,98,223,35,223,35,223,0,10,0,0,0,0,0,0,86,86,86,86,86,86,86,86,86,22,22,22,22,22,22,22,22,22,22,22,7,238,7,97,41,0,0,32,132,0,48,0,10,1,0,32,0,0,0,16,16,3,16,64,0,0,2,1,0,0,0,0,2,0,32,65,0,24,0,1,64,0,0,0,0,0,255,0,222,63,97,41,39,167,167,167,167,167,167,179,46,0,4,8,12,16,20,24,24,32,125,28,0,56,7,44,0,0,17,255,0,255,0,99,69,1,131,0
98,223,98,223,98,223,42,223,49,223,70,223,254,2,0,0,0,0,0,0,86,86,86,22,86,86,86,86,86,22,22,22,22,22,22,22,86,22,22,22,14,70,0,0,0,128,0,1,132,0,49,0,10,1,0,32,0,0,0,16,16,3,16,64,0,0,2,1,0,0,8,0,2,0,32,65,0,24,0,1,64,0,0,0,0,0,255,102,222,53,63,14,142,142,142,142,142,142,142,142,66,62,58,54,50,100,50,15,60,0,1,27,0,46,8,15,0,2,54,255,0,255,0,21,255,3,66,0
98,223,98,223,35,223,63,223,28,223,35,223,252,5,0,0,0,0,0,0,22,22,22,22,22,22,22,22,86,22,22,22,22,22,22,22,22,22,22,22,6,118,5,5,37,2,0,0,132,0,48,32,10,1,0,32,0,128,0,16,16,2,16,64,0,68,2,1,0,20,0,0,4,16,32,65,0,16,0,1,64,0,0,0,0,22,255,0,222,63,97,37,165,165,134,134,134,134,134,41,91,95,99,98,94,90,86,82,27,17,1,124,0,56,7,5,0,21,1,255,127,255,0,4,224,1,67,0
98,223,98,223,42,223,63,223,42,223,28,223,252,5,0,0,0,0,0,0,86,86,86,86,86,86,86,86,86,22,22,22,22,22,22,22,22,22,22,22,255,38,0,0,6,32,0,32,132,0,48,0,10,33,0,32,0,0,0,16,16,2,16,64,0,0,0,1,0,0,0,1,2,4,32,0,0,24,0,0,64,0,0,0,0,0,255,0,222,53,63,6,4,6,142,175,177,177,177,179,10,96,17,90,66,12,24,36,79,16,125,124,7,46,1,9,0,37,32,255,0,255,0,33,224,3,67,0
98,223,98,223,98,223,42,223,77,223,35,223,254,2,0,0,0,0,0,0,86,86,86,86,86,86,86,86,86,22,22,22,22,22,22,22,22,22,22,22,16,158,16,97,16,0,0,0,132,0,48,0,10,1,0,32,0,128,1,16,17,2,17,64,1,0,2,1,0,0,8,0,2,0,0,64,0,16,0,0,64,0,0,0,0,0,255,0,222,63,97,16,144,144,144,144,144,144,144,177,28,24,20,16,12,8,4,0,3,0,125,31,0,56,8,15,0,2,113,255,0,255,0,94,67,3,131,0
98,223,98,223,98,223,35,223,28,223,28,223,126,1,0,0,0,0,0,0,86,86,86,86,86,86,86,86,86,22,22,22,22,22,22,22,22,22,22,22,16,54,16,97,16,0,0,0,132,0,48,128,10,1,0,32,0,128,0,16,16,3,16,64,0,0,2,1,0,0,8,0,66,0,32,65,0,24,0,1,64,0,0,0,0,0,255,0,222,63,97,16,144,144,144,144,144,177,177,177,20,16,12,8,4,0,3,7,31,32,1,0,9,56,7,32,0,1,0,255,0,255,0,0,255,0,0,0
98,223,98,223,98,223,98,223,42,223,70,223,0,10,0,0,0,0,0,0,86,22,86,86,86,86,86,86,86,22,22,22,22,22,22,22,86,22,22,22,255,86,0,0,0,2,0,0,132,0,48,0,10,1,0,32,0,128,0,16,16,3,16,64,0,0,2,1,0,0,8,0,2,0,32,65,0,8,0,0,64,0,0,0,0,0,255,102,222,60,63,33,33,161,161,161,161,161,161,179,76,4,8,12,16,20,50,30,40,32,47,28,0,53,7,7,0,0,38,255,0,255,0,26,255,1,0,0
98,223,98,223,35,223,56,223,77,223,91,223,12,4,0,0,0,0,0,0,86,86,86,86,86,86,86,86,86,22,22,22,22,22,22,22,22,22,22,22,255,22,17,97,49,0,0,0,132,8,48,64,10,1,0,32,0,0,32,16,16,3,16,64,0,0,2,1,0,0,8,0,0,0,32,0,0,16,0,1,64,0,0,0,0,0,255,0,222,63,97,49,146,146,146,146,146,146,146,146,58,59,55,51,47,43,39,35,31,0,100,0,0,56,8,25,0,20,121,255,0,255,0,17,255,3,131,0
98,223,98,223,98,223,98,223,35,223,28,223,0,10,0,0,0,0,0,0,86,86,86,86,86,86,86,86,86,22,22,22,22,22,22,22,22,22,22,22,17,150,17,17,18,2,0,0,132,0,48,0,10,1,0,32,0,128,0,16,16,3,16,64,0,0,2,1,0,0,8,0,66,0,32,65,0,24,0,1,64,0,0,0,0,10,255,0,222,63,97,18,49,177,177,177,177,146,146,179,6,43,47,51,55,59,58,54,68,32,1,0,12,56,7,15,0,0,16,255,0,255,0,0,255,0,131,0
98,223,98,223,98,223,98,223,84,223,28,223,0,10,0,0,0,0,0,0,86,86,86,86,86,86,86,86,86,22,22,22,22,22,22,22,22,22,22,22,17,198,18,17,18,8,0,0,132,0,48,0,10,1,0,32,0,128,0,16,16,3,16,64,0,0,2,1,0,0,8,0,66,0,32,65,0,24,0,1,64,0,0,0,0,0,255,0,222,53,63,18,146,146,49,177,177,177,177,179,38,34,30,3,7,11,15,19,71,16,1,0,11,46,7,15,0,0,128,255,0,255,0,23,255,1,131,0
98,223,98,223,35,223,28,223,49,223,42,223,56,0,0,0,0,0,0,0,86,86,86,86,86,86,86,86,86,22,22,22,22,22,22,22,22,22,22,22,255,238,9,97,41,0,0,32,132,0,48,4,10,0,0,32,0,128,0,16,16,2,16,64,0,0,130,1,0,0,8,0,2,0,32,65,0,24,0,1,64,0,0,0,0,0,255,0,222,63,97,41,169,169,35,163,163,142,146,179,110,114,118,104,108,110,45,1,10,32,125,124,19,56,4,29,0,16,50,255,0,255,0,65,255,8,0,0
98,223,98,223,98,223,98,223,42,223,28,223,0,10,0,0,0,0,0,0,86,86,86,86,86,86,86,86,86,22,22,22,22,22,22,22,22,22,22,22,14,134,14,15,47,2,0,0,132,0,48,0,10,9,0,32,0,128,0,16,16,3,16,64,0,0,2,1,0,0,8,0,66,0,32,65,0,24,0,1,64,0,0,0,0,14,255,0,222,53,63,47,14,142,142,142,142,14,175,179,59,76,72,68,64,60,84,53,70,32,91,96,0,46,6,54,0,0,32,255,0,255,0,20,226,1,67,0
98,223,98,223,98,223,98,223,28,223,28,223,0,10,0,0,0,0,0,0,86,86,86,86,86,86,86,86,86,22,22,22,22,22,22,22,22,22,22,22,255,54,16,0,16,0,0,0,132,0,48,0,10,1,0,32,0,128,0,16,16,3,16,64,0,0,2,1,0,0,8,0,66,0,32,65,0,24,0,1,64,0,0,0,0,0,255,0,222,53,63,16,144,144,144,144,144,144,177,177,24,20,16,12,8,4,0,3,7,32,19,3,11,46,8,0,0,0,0,255,0,255,0,0,255,0,131,0
98,223,98,223,98,223,98,223,28,223,28,223,0,10,0,0,0,0,0,0,86,86,86,86,86,86,86,86,86,22,22,22,22,22,22,22,22,22,22,22,15,134,15,15,47,0,0,0,132,0,48,0,10,1,0,32,0,128,0,16,16,3,16,64,0,0,2,1,0,0,8,0,66,0,32,65,0,24,0,1,64,0,0,0,0,14,255,0,222,63,97,47,175,175,175,175,144,144,144,144,59,63,67,71,75,74,70,66,62,32,29,28,19,56,8,40,0,0,0,255,0,255,0,14,226,1,131,0
98,223,98,223,98,223,91,223,77,223,70,223,124,9,0,0,0,0,0,0,86,86,86,22,86,86,86,86,86,22,22,22,22,22,22,22,86,22,22,22,255,246,0,0,0,128,0,32,132,0,48,32,10,1,0,32,0,0,16,48,16,3,16,64,0,0,2,1,0,0,8,2,2,0,0,64,0,24,0,1,64,0,0,0,0,0,255,102,222,53,63,4,2,130,130,140,173,175,144,179,0,78,74,70,80,84,50,7,52,16,97,0,0,46,3,38,0,9,118,255,0,255,0,20,255,3,131,0
98,223,98,223,35,223,49,223,63,223,28,223,252,3,0,0,0,0,0,0,86,86,86,86,86,86,86,86,86,22,22,22,22,22,22,22,22,22,22,22,255,14,14,14,14,0,0,0,132,0,48,16,10,1,0,32,0,128,0,16,16,3,16,64,0,0,2,1,0,0,8,0,2,0,32,65,0,24,0,1,64,0,0,0,0,42,255,0,222,53,63,14,142,175,175,175,144,144,144,144,37,33,34,38,42,43,39,35,31,0,29,28,0,46,8,7,0,19,80,255,0,255,0,120,255,0,0,0
98,223,98,223,98,223,77,223,49,223,70,223,48,7,0,0,0,0,0,0,86,86,86,86,86,86,86,86,86,22,22,22,22,22,22,22,22,22,22,22,255,70,0,0,43,0,0,160,132,0,48,4,10,1,0,32,0,128,160,16,16,3,176,64,0,0,130,1,0,0,0,0,2,0,32,64,0,16,0,0,64,0,0,0,0,0,255,0,222,53,63,43,43,41,171,173,142,142,142,142,93,101,124,124,121,121,114,106,97,16,125,124,0,46,1,31,0,7,54,255,0,255,0,55,224,3,67,0
98,223,98,223,35,223,42,223,28,223,77,223,254,2,0,0,0,0,0,0,86,86,86,86,86,86,86,86,86,22,22,22,22,22,22,22,22,22,22,22,11,62,10,0,10,2,0,0,132,4,48,32,10,1,0,32,0,128,0,48,20,2,16,64,0,0,2,1,0,0,8,0,0,0,32,64,0,0,0,0,64,0,0,0,0,0,255,0,222,53,63,10,138,138,138,171,171,171,171,171,94,90,86,82,81,85,89,93,97,0,1,0,14,46,8,60,0,18,7,255,0,255,0,3,229,3,0,0
98,223,98,223,42,223,42,223,91,223,35,223,254,2,0,0,0,0,0,0,86,86,86,86,86,86,86,86,86,22,22,22,22,22,22,22,22,22,22,22,255,70,15,15,47,132,0,0,132,0,48,0,10,0,0,32,0,0,0,16,16,2,16,64,0,0,2,1,0,0,40,0,66,34,96,0,0,0,4,0,64,1,0,0,0,18,255,0,222,53,63,47,144,144,144,144,12,140,146,179,75,74,70,66,62,34,30,73,68,0,125,124,0,46,6,52,0,34,145,255,0,255,0,5,228,3,0,0
98,223,98,223,42,223,63,223,56,223,49,223,252,5,0,0,0,0,0,0,86,86,86,22,86,86,86,86,86,22,22,22,22,22,22,22,86,22,22,22,255,166,0,0,0,0,0,32,132,0,48,0,10,1,0,96,0,0,96,16,16,2,16,64,0,0,2,1,0,0,0,42,2,0,0,65,0,0,0,0,64,0,0,0,0,0,255,102,222,53,63,37,165,4,165,6,167,167,167,175,3,7,0,3,1,100,50,13,29,0,1,0,0,46,3,44,0,37,67,255,0,255,0,19,255,3,131,0
98,223,98,223,35,223,77,223,84,223,84,223,48,7,0,0,0,0,0,0,86,86,86,86,86,86,86,86,86,22,22,22,22,22,22,22,22,22,22,22,4,30,4,97,4,2,0,0,132,0,48,0,10,129,0,32,8,0,32,16,16,2,16,64,0,0,2,1,0,0,32,4,2,0,32,0,0,0,0,0,64,0,0,0,0,0,255,0,222,63,97,4,132,132,132,132,132,132,132,132,43,39,35,31,27,23,19,15,11,0,97,96,0,56,8,40,0,23,136,255,0,255,0,62,167,1,0,0
98,223,98,223,35,223,91,223,84,223,77,223,124,9,0,0,0,0,0,0,22,22,22,22,22,22,22,22,86,22,22,22,22,22,22,22,22,22,22,22,255,230,19,19,51,0,0,0,132,0,48,16,10,1,0,32,0,128,0,16,16,2,16,64,0,0,2,1,0,0,40,0,2,0,32,1,0,24,0,0,64,0,0,0,0,13,255,0,222,63,97,51,179,179,179,179,179,179,179,51,55,59,63,67,71,75,79,83,108,17,125,124,18,56,8,255,0,25,135,255,0,255,0,64,255,0,67,0
